date,max_temperature_f,mean_temperature_f,min_temperature_f,max_dew_point_f,mean_dew_point_f,min_dew_point_f,max_humidity,mean_humidity,min_humidity,max_sea_level_pressure_inches,mean_sea_level_pressure_inches,min_sea_level_pressure_inches,max_visibility_miles,mean_visibility_miles,min_visibility_miles,max_wind_Speed_mph,mean_wind_speed_mph,max_gust_speed_mph,precipitation_inches,cloud_cover,events,wind_dir_degrees,zip_code
2013-08-29,74,68,61,61,58,56,93,75,57,30.07,30.02,29.97,10,10,10,23,11,28,0,4,NA,286,94107
2013-08-30,78,69,60,61,58,56,90,70,50,30.05,30,29.93,10,10,7,29,13,35,0,2,NA,291,94107
2013-08-31,71,64,57,57,56,54,93,75,57,30,29.96,29.92,10,10,10,26,15,31,0,4,NA,284,94107
2013-09-01,74,66,58,60,56,53,87,68,49,29.96,29.93,29.91,10,10,10,25,13,29,0,4,NA,284,94107
2013-09-02,75,69,62,61,60,58,93,77,61,29.97,29.94,29.9,10,10,6,23,12,30,0,6,NA,277,94107
2013-09-03,73,67,60,59,56,51,84,65,46,30.02,29.98,29.95,10,10,10,24,15,31,0,2,NA,276,94107
2013-09-04,74,68,61,59,57,56,90,72,53,30.05,30.01,29.97,10,10,10,29,19,35,0,4,NA,269,94107
2013-09-05,72,66,60,57,56,54,90,74,57,30.04,30,29.97,10,10,10,31,21,37,0,3,NA,270,94107
2013-09-06,85,71,56,57,51,45,86,58,29,30,29.92,29.83,10,10,10,24,8,28,0,0,NA,287,94107
2013-09-07,88,73,58,64,54,46,86,59,31,29.88,29.85,29.81,10,10,10,21,8,25,0,1,NA,305,94107
2013-09-08,74,65,56,58,54,52,86,70,53,29.88,29.83,29.76,10,10,10,26,11,31,0,2,NA,299,94107
2013-09-09,76,66,55,58,55,52,90,70,50,29.82,29.77,29.72,10,10,10,26,11,30,0,1,NA,303,94107
2013-09-10,74,66,57,59,56,54,93,73,53,29.91,29.82,29.76,10,10,10,17,8,21,0,1,NA,230,94107
2013-09-11,74,68,62,57,55,54,78,68,57,30,29.97,29.91,10,10,10,18,9,23,0,5,NA,219,94107
2013-09-12,71,65,59,58,57,55,84,73,61,29.99,29.95,29.91,10,10,9,25,11,30,0,7,Fog,268,94107
2013-09-13,66,62,57,55,54,54,93,80,67,29.92,29.87,29.8,10,10,7,30,15,37,0,6,NA,271,94107
2013-09-14,66,62,57,55,54,53,87,77,67,29.86,29.81,29.77,10,10,9,25,16,33,0,7,NA,265,94107
2013-09-15,73,66,58,59,55,52,90,72,53,29.88,29.85,29.81,10,10,6,23,13,26,0,5,NA,276,94107
2013-09-16,71,65,59,58,55,53,90,74,57,29.91,29.87,29.81,10,10,6,31,16,39,0,3,NA,274,94107
2013-09-17,68,63,57,55,53,50,86,72,58,29.91,29.87,29.84,10,10,10,39,22,51,0,3,NA,270,94107
2013-09-18,78,66,54,55,49,47,78,60,41,29.92,29.88,29.85,10,10,10,25,10,30,0,1,NA,278,94107
2013-09-19,80,67,54,56,50,46,77,58,38,29.87,29.82,29.76,10,10,10,26,10,33,0,0,NA,297,94107
2013-09-20,73,65,56,59,56,50,87,70,53,29.88,29.84,29.79,10,10,9,17,10,23,0,6,NA,248,94107
2013-09-21,68,63,58,59,56,53,90,75,59,29.91,29.85,29.82,10,9,2,24,12,28,0.23,6,Rain,218,94107
2013-09-22,70,63,55,55,53,49,93,70,47,30.02,29.97,29.92,10,10,10,29,10,35,0,1,NA,292,94107
2013-09-23,78,68,57,58,54,50,78,64,50,30.03,29.99,29.95,10,10,10,24,9,30,0,0,NA,294,94107
2013-09-24,71,65,58,54,52,50,78,66,53,30.01,29.97,29.93,10,10,10,36,19,43,0,1,NA,277,94107
2013-09-25,67,62,56,51,47,45,83,64,45,29.95,29.91,29.84,10,10,10,35,20,45,0,1,NA,281,94107
2013-09-26,71,62,53,46,43,38,72,53,33,29.99,29.92,29.85,10,10,10,24,11,29,0,0,NA,281,94107
2013-09-27,78,66,54,47,41,34,67,46,25,30.11,30.06,30,10,10,10,23,7,28,0,0,NA,279,94107
2013-09-28,78,66,53,55,48,38,84,60,35,30.1,30.06,30.02,10,10,10,28,9,32,0,1,NA,296,94107
2013-09-29,75,66,57,59,56,53,87,70,53,30.11,30.09,30.06,10,10,10,16,7,21,0,3,NA,253,94107
2013-09-30,73,66,59,60,57,43,87,69,51,30.07,30.03,29.98,10,10,10,22,10,26,T,4,Fog,264,94107
2013-10-01,69,63,56,50,48,46,77,61,45,30.03,29.98,29.94,10,10,10,22,13,26,0,3,NA,273,94107
2013-10-02,69,62,54,49,46,44,77,61,45,30.02,29.98,29.94,10,10,10,29,14,35,0,2,NA,280,94107
2013-10-03,70,62,54,44,41,35,66,47,28,30.09,30.02,29.96,10,10,10,25,13,30,0,0,NA,294,94107
2013-10-04,76,69,61,51,42,28,53,38,22,30.1,30.05,29.98,10,10,10,22,9,25,0,0,NA,13,94107
2013-10-05,80,69,57,52,36,24,56,36,15,30.2,30.14,30.1,10,10,10,12,5,13,0,0,NA,122,94107
2013-10-06,83,70,56,52,44,27,66,40,13,30.13,30.07,30,10,10,10,14,5,15,0.01,4,NA,345,94107
2013-10-07,80,68,56,49,41,31,72,46,19,30,29.95,29.89,10,10,10,28,9,31,0,3,NA,295,94107
2013-10-08,72,62,52,50,47,44,77,59,41,29.92,29.84,29.74,10,10,10,20,10,24,0,2,NA,278,94107
2013-10-09,68,60,52,48,45,39,83,60,37,29.77,29.69,29.64,10,10,10,17,8,21,0,2,NA,286,94107
2013-10-10,70,62,53,52,47,43,77,61,45,30.02,29.91,29.77,10,10,10,13,5,15,0,1,NA,302,94107
2013-10-11,63,57,51,49,47,45,83,70,56,30.09,30.04,30,10,10,10,25,9,30,0,4,NA,275,94107
2013-10-12,64,56,47,50,46,42,89,71,53,30.02,29.98,29.91,10,8,0,32,13,40,0,3,Fog,252,94107
2013-10-13,73,62,51,51,47,40,89,60,31,30.07,30.01,29.94,10,10,10,22,7,26,0,1,NA,286,94107
2013-10-14,77,64,51,50,41,36,71,49,27,30.12,30.06,30.01,10,10,10,18,5,NA,0,0,NA,272,94107
2013-10-15,80,67,53,50,37,31,61,40,18,30.05,30.01,29.96,10,10,10,21,5,22,0,0,NA,294,94107
2013-10-16,80,67,53,54,42,32,63,41,19,30.09,30.05,30,10,10,10,13,4,14,0,1,NA,305,94107
2013-10-17,81,68,54,53,45,35,72,56,39,30.09,30.03,29.97,10,10,10,20,7,24,0,0,NA,306,94107
2013-10-18,68,60,51,52,48,46,83,66,48,30.06,30.02,29.99,10,10,10,23,10,25,0,1,NA,294,94107
2013-10-19,74,62,49,52,48,45,86,65,44,30.09,30.04,30,10,10,10,21,9,23,0,0,NA,301,94107
2013-10-20,64,57,49,52,47,45,93,77,60,30.03,29.99,29.92,10,8,0,22,11,26,0,2,Fog,290,94107
2013-10-21,61,55,48,50,47,45,93,80,67,30.03,29.98,29.93,10,10,7,21,9,25,0,3,NA,284,94107
2013-10-22,64,56,47,51,48,46,100,82,64,30.03,29.99,29.93,10,5,0,21,10,25,0,5,Fog,281,94107
2013-10-23,61,55,49,51,48,46,93,83,72,30,29.96,29.91,10,7,2,23,9,28,0,6,Fog,282,94107
2013-10-24,60,57,53,48,47,45,83,73,62,30.12,30.05,29.99,10,10,8,15,9,20,0,6,NA,269,94107
2013-10-25,67,59,50,50,47,45,86,69,52,30.18,30.13,30.09,10,10,10,21,9,24,0,4,NA,263,94107
2013-10-26,70,60,49,53,48,43,89,67,44,30.15,30.09,30.02,10,10,10,22,9,25,0,1,Fog,292,94107
2013-10-27,60,55,50,49,47,45,89,76,62,30.04,29.9,29.69,10,10,10,43,18,51,T,6,Rain,267,94107
2013-10-28,61,57,52,48,46,44,83,69,55,29.86,29.75,29.69,10,10,10,36,15,43,0,5,NA,263,94107
2013-10-29,63,58,52,48,45,42,83,66,48,30.06,29.97,29.87,10,10,10,17,7,21,0,4,NA,256,94107
2013-10-30,65,57,48,50,45,42,83,66,48,30.16,30.11,30.07,10,10,10,18,7,22,0,2,NA,286,94107
2013-10-31,70,59,48,51,43,38,71,54,37,30.19,30.13,30.08,10,10,10,14,4,NA,0,0,NA,300,94107
2013-11-01,74,63,51,53,45,41,77,57,37,30.14,30.08,30.01,10,10,10,15,4,18,0,0,NA,315,94107
2013-11-02,63,57,50,51,47,41,89,73,56,30.03,29.99,29.93,10,9,2,28,13,33,0,3,NA,284,94107
2013-11-03,63,55,47,45,41,34,77,56,34,30.06,29.99,29.94,10,10,10,22,9,24,0,4,NA,277,94107
2013-11-04,67,56,44,43,39,32,80,56,31,30.07,30,29.94,10,10,10,23,9,28,0,0,NA,286,94107
2013-11-05,71,61,50,45,38,29,66,44,22,30.22,30.16,30.08,10,10,10,15,4,17,0,1,NA,279,94107
2013-11-06,70,61,51,49,42,36,72,52,31,30.26,30.21,30.16,10,10,9,5,0,6,0,5,NA,68,94107
2013-11-07,71,64,56,51,46,40,80,61,42,30.18,30.13,30.09,10,10,9,22,8,26,0,4,NA,284,94107
2013-11-08,70,60,50,53,48,40,100,72,43,30.1,30.05,29.98,10,7,0,24,8,26,0,2,Fog,269,94107
2013-11-09,66,57,48,53,47,40,80,64,48,30.05,30.01,29.97,10,10,9,12,3,14,0,1,NA,334,94107
2013-11-10,64,58,51,51,48,45,83,72,60,30.13,30.09,30.04,10,10,9,13,5,16,0,3,NA,269,94107
2013-11-11,62,58,54,51,49,46,83,72,60,30.17,30.13,30.09,10,9,6,12,5,15,0,7,NA,76,94107
2013-11-12,70,64,57,53,50,46,77,62,47,30.27,30.23,30.17,10,10,10,18,7,22,T,4,NA,312,94107
2013-11-13,68,60,52,55,51,47,93,77,60,30.25,30.18,30.12,10,10,9,23,8,26,0,3,Fog,303,94107
2013-11-14,61,56,51,52,49,45,96,84,71,30.13,30.03,29.9,10,10,8,29,13,37,0,5,NA,266,94107
2013-11-15,65,58,50,46,44,41,83,66,48,29.89,29.82,29.76,10,10,10,35,12,40,0,1,NA,268,94107
2013-11-16,62,56,49,50,46,42,83,67,51,29.94,29.86,29.79,10,10,10,26,14,35,0,2,NA,273,94107
2013-11-17,63,56,49,49,45,42,89,69,48,30.1,30.03,29.94,10,10,10,13,6,16,0,4,NA,245,94107
2013-11-18,60,53,46,46,44,40,82,69,55,30.16,30.12,30.1,10,10,10,15,5,18,0,5,NA,199,94107
2013-11-19,61,58,54,55,50,45,93,80,66,30.1,30.03,29.95,10,9,6,14,7,16,0.28,7,Rain,131,94107
2013-11-20,59,55,51,56,53,47,93,90,86,29.94,29.9,29.85,10,9,4,22,7,24,0.63,7,Rain,239,94107
2013-11-21,62,56,50,49,42,32,93,64,35,29.99,29.94,29.91,10,10,9,32,11,39,T,5,Rain,349,94107
2013-11-22,69,63,57,39,32,25,40,30,19,30.03,29.97,29.91,10,10,10,26,14,32,0,1,NA,47,94107
2013-11-23,65,58,50,45,38,31,71,50,28,30.11,30.04,29.97,10,10,10,22,5,32,0,0,NA,79,94107
2013-11-24,60,53,45,49,43,39,86,70,53,30.26,30.19,30.12,10,10,10,9,3,10,0,0,NA,319,94107
2013-11-25,61,53,44,46,43,38,86,70,53,30.33,30.28,30.25,10,10,9,7,2,10,0,1,NA,180,94107
2013-11-26,62,55,47,47,44,39,86,65,43,30.27,30.16,30.04,10,9,6,7,2,8,0,5,NA,100,94107
2013-11-27,62,55,48,49,45,41,86,69,52,30.03,29.92,29.85,10,9,7,7,1,7,0,5,NA,137,94107
2013-11-28,66,58,49,51,44,37,83,64,44,30.08,29.96,29.88,10,9,7,16,4,18,0,3,NA,280,94107
2013-11-29,62,54,46,51,45,38,77,70,63,30.22,30.15,30.09,10,10,9,24,3,28,0,0,Fog,316,94107
2013-11-30,63,54,45,51,47,41,93,79,65,30.28,30.25,30.19,10,6,0,15,4,20,0,3,Fog,303,94107
2013-12-01,67,57,46,50,46,41,86,66,46,30.35,30.27,30.22,10,10,9,14,4,16,0,1,NA,308,94107
2013-12-02,62,54,46,54,49,44,96,80,64,30.22,30.1,29.99,10,8,0,33,14,38,T,5,Fog-Rain,277,94107
2013-12-03,56,51,46,54,38,25,93,69,45,29.98,29.92,29.87,10,10,4,24,14,31,0,4,NA,285,94107
2013-12-04,52,46,39,31,26,21,62,46,30,30.09,30.04,29.96,10,10,10,14,5,16,0,0,NA,309,94107
2013-12-05,51,43,35,31,24,18,64,45,26,30.18,30.14,30.09,10,10,10,12,4,14,0,0,NA,196,94107
2013-12-06,53,45,37,48,37,31,80,65,50,30.19,30.1,29.94,10,10,6,30,9,43,0.29,6,Rain,180,94107
2013-12-07,52,45,38,48,32,24,89,63,36,30.25,30.09,29.94,10,10,3,29,13,36,0.06,3,Rain,293,94107
2013-12-08,47,42,36,31,24,17,70,53,36,30.33,30.28,30.24,10,10,10,22,10,24,0,2,NA,64,94107
2013-12-09,52,44,36,31,23,18,70,49,28,30.43,30.37,30.32,10,10,10,20,8,23,0,0,NA,113,94107
2013-12-10,52,43,34,35,30,27,70,56,42,30.4,30.3,30.22,10,10,10,10,3,13,0,2,NA,138,94107
2013-12-11,57,48,38,36,32,27,85,60,35,30.25,30.21,30.18,10,10,10,14,3,16,0,1,NA,130,94107
2013-12-12,54,46,38,44,35,29,86,67,48,30.27,30.23,30.18,10,10,7,16,4,20,0,1,NA,278,94107
2013-12-13,53,47,40,45,41,38,89,76,63,30.34,30.28,30.25,10,9,7,12,4,14,0,2,NA,353,94107
2013-12-14,61,50,39,42,37,33,85,61,36,30.4,30.35,30.32,10,10,8,9,2,10,0,1,NA,263,94107
2013-12-15,60,50,40,44,38,34,76,60,43,30.36,30.3,30.24,10,9,7,10,2,12,0,3,NA,102,94107
2013-12-16,65,54,43,44,37,33,77,54,31,30.23,30.18,30.13,10,10,10,10,2,13,0,5,NA,113,94107
2013-12-17,59,53,46,46,41,36,77,60,43,30.18,30.11,30.04,9,6,5,7,3,8,0,6,NA,96,94107
2013-12-18,57,51,44,46,43,38,77,72,66,30.03,29.91,29.8,10,9,6,35,12,40,0,6,NA,274,94107
2013-12-19,59,53,47,43,36,23,77,52,27,29.94,29.83,29.74,10,10,10,36,12,43,0,2,NA,306,94107
2013-12-20,60,50,40,43,32,21,71,50,29,30.02,29.98,29.94,10,10,10,15,5,18,0,1,NA,257,94107
2013-12-21,60,54,47,47,45,43,86,74,62,30.09,30.03,29.98,10,10,10,17,7,21,0,1,NA,288,94107
2013-12-22,65,54,43,47,42,37,89,64,39,30.29,30.21,30.1,10,10,10,9,1,10,0,1,NA,337,94107
2013-12-23,60,52,44,45,40,37,80,64,47,30.4,30.35,30.3,10,9,7,8,1,9,0,1,NA,32,94107
2013-12-24,59,52,45,47,41,38,76,64,51,30.34,30.27,30.21,10,9,7,8,2,24,0,2,NA,308,94107
2013-12-25,63,53,42,44,40,36,76,60,43,30.29,30.25,30.2,10,10,9,6,1,8,0,0,NA,218,94107
2013-12-26,62,53,43,46,41,38,83,63,43,30.26,30.22,30.17,10,9,7,7,1,8,0,0,NA,24,94107
2013-12-27,57,50,43,45,41,37,76,64,51,30.24,30.19,30.13,10,10,8,8,2,9,0,4,NA,60,94107
2013-12-28,63,52,40,45,38,29,85,59,32,30.16,30.1,30.04,10,10,9,10,2,13,0,0,NA,262,94107
2013-12-29,68,55,42,37,29,16,71,43,14,30.18,30.13,30.1,10,10,10,13,3,26,0,0,NA,129,94107
2013-12-30,59,51,42,46,40,33,86,65,43,30.26,30.22,30.18,10,10,9,13,3,15,0,3,NA,312,94107
2013-12-31,59,50,41,45,40,35,93,73,53,30.28,30.22,30.17,10,7,0,13,3,15,0,3,Fog,278,94107
2014-01-01,56,49,41,45,40,36,83,69,55,30.22,30.17,30.13,10,9,7,9,1,10,0,3,NA,290,94107
2014-01-02,62,53,43,45,39,34,80,58,36,30.18,30.11,30.06,10,10,10,6,1,6,0,3,NA,146,94107
2014-01-03,64,54,44,46,41,34,80,59,37,30.08,30.02,29.96,10,10,9,14,4,16,0,3,NA,297,94107
2014-01-04,66,55,43,46,42,33,93,65,36,30.09,30.02,29.99,10,6,0,15,2,18,0,2,Fog,266,94107
2014-01-05,66,55,44,38,32,27,65,45,24,30.21,30.16,30.09,10,10,10,14,5,15,0,0,NA,125,94107
2014-01-06,60,52,44,45,40,32,71,61,51,30.28,30.21,30.17,10,10,7,9,2,10,0,5,NA,75,94107
2014-01-07,61,54,46,52,45,39,86,70,53,30.22,30.18,30.14,10,9,7,15,4,17,T,5,Rain,304,94107
2014-01-08,59,56,52,51,48,46,86,79,72,30.24,30.2,30.16,10,9,3,20,9,24,0.01,7,NA,281,94107
2014-01-09,60,56,52,50,47,43,89,73,57,30.27,30.23,30.2,10,10,5,25,12,31,T,5,NA,287,94107
2014-01-10,60,54,48,48,46,43,89,75,60,30.31,30.25,30.19,10,9,6,15,6,17,0,4,NA,310,94107
2014-01-11,58,52,46,51,46,42,93,83,72,30.3,30.23,30.16,10,10,6,18,6,22,T,4,NA,281,94107
2014-01-12,60,53,46,47,42,36,93,70,47,30.4,30.33,30.27,10,10,7,17,7,20,0,2,NA,313,94107
2014-01-13,67,55,42,44,37,32,71,50,28,30.47,30.4,30.35,10,10,10,18,3,22,0,1,NA,88,94107
2014-01-14,72,58,44,42,37,26,71,45,19,30.45,30.38,30.32,10,10,10,12,2,15,0,0,NA,134,94107
2014-01-15,73,61,48,40,34,25,71,44,17,30.35,30.27,30.2,10,10,10,10,3,13,0,0,NA,131,94107
2014-01-16,73,60,46,44,35,27,71,45,19,30.24,30.18,30.13,10,10,10,8,2,10,0,0,NA,125,94107
2014-01-17,67,56,45,45,39,35,71,53,34,30.2,30.15,30.11,10,9,5,5,1,7,0,0,NA,128,94107
2014-01-18,67,55,43,47,39,32,77,57,36,30.18,30.11,30.06,10,9,7,7,1,12,0,0,NA,128,94107
2014-01-19,67,55,43,44,38,34,76,54,32,30.14,30.1,30.06,10,10,8,7,2,7,0,1,NA,110,94107
2014-01-20,66,55,43,48,41,34,76,60,43,30.23,30.17,30.12,10,9,7,9,2,9,0,1,NA,354,94107
2014-01-21,68,56,43,44,37,25,76,48,20,30.27,30.21,30.16,10,10,10,12,2,13,0,3,NA,258,94107
2014-01-22,65,55,44,47,41,31,77,64,51,30.17,30.05,29.93,10,10,10,18,5,22,0,1,NA,304,94107
2014-01-23,69,57,44,47,38,27,80,51,21,30.02,29.93,29.88,10,9,7,17,5,21,0,0,NA,61,94107
2014-01-24,64,55,46,47,41,32,80,56,32,30.28,30.16,30.03,10,8,4,9,3,9,0,3,NA,5,94107
2014-01-25,65,57,48,48,43,34,83,60,37,30.27,30.19,30.13,10,9,7,12,2,13,0,2,NA,281,94107
2014-01-26,66,57,48,48,43,33,83,65,46,30.14,30.09,30.03,10,10,9,21,6,24,0,3,NA,317,94107
2014-01-27,59,54,48,48,46,43,83,73,62,30.21,30.15,30.08,10,10,7,18,6,20,0,6,NA,301,94107
2014-01-28,65,59,53,57,53,47,90,81,72,30.27,30.22,30.2,10,10,2,17,5,21,0,7,NA,290,94107
2014-01-29,63,59,54,57,54,50,93,89,84,30.2,30.11,30,10,10,7,20,8,22,T,8,Rain,282,94107
2014-01-30,58,55,52,51,48,46,93,80,67,29.98,29.91,29.88,10,10,9,30,14,38,T,6,Rain,267,94107
2014-01-31,60,54,47,46,42,36,86,63,39,30.09,30.04,29.92,10,10,9,32,12,38,0,1,NA,285,94107
2014-02-01,59,51,42,43,39,36,82,63,43,30.17,30.12,30.08,10,10,10,20,6,23,0,1,NA,270,94107
2014-02-02,58,53,47,44,42,36,86,74,61,30.04,29.92,29.85,10,8,4,29,12,33,0.85,7,Rain,111,94107
2014-02-03,56,51,46,43,41,39,82,69,55,30.09,30.04,29.99,10,10,10,25,11,32,0,3,NA,306,94107
2014-02-04,55,50,44,44,40,36,83,67,50,30.17,30.12,30.09,10,10,10,21,7,23,0,4,NA,288,94107
2014-02-05,55,49,43,46,42,38,86,73,59,30.21,30.15,30.06,10,10,10,17,7,24,0.09,6,Rain,255,94107
2014-02-06,52,50,48,52,48,42,100,90,80,30.05,29.96,29.91,10,8,2,20,7,23,0.64,8,Rain,100,94107
2014-02-07,56,54,51,54,51,49,100,92,83,30.08,30.04,30,10,9,3,31,11,40,0.23,8,Rain,152,94107
2014-02-08,59,56,53,58,55,49,100,92,83,30.15,30.1,30.06,10,5,2,28,13,37,0.42,8,Rain,164,94107
2014-02-09,59,57,55,58,56,52,100,92,83,30.16,30.12,30.06,10,6,2,21,9,26,0.35,8,Rain,174,94107
2014-02-10,57,54,51,54,52,50,100,93,86,30.29,30.23,30.14,10,9,2,17,10,20,T,7,Rain,274,94107
2014-02-11,56,53,49,51,49,48,100,92,83,30.26,30.22,30.18,10,10,7,22,9,26,0,6,NA,287,94107
2014-02-12,56,51,46,51,48,45,100,92,83,30.29,30.24,30.2,10,7,0,18,6,22,0,6,Fog,278,94107
2014-02-13,67,59,50,57,53,50,100,87,73,30.23,30.17,30.11,10,6,0,15,8,20,0,6,Fog,288,94107
2014-02-14,66,61,56,55,54,50,100,80,60,30.18,30.13,30.06,10,8,2,14,5,16,0,7,NA,293,94107
2014-02-15,62,57,52,55,52,49,93,83,72,30.05,30.02,30,10,10,7,17,5,21,T,7,Rain,174,94107
2014-02-16,63,57,50,54,47,40,93,68,43,30.21,30.14,30.06,10,10,6,20,8,23,0.01,3,NA,292,94107
2014-02-17,61,54,46,49,45,42,86,69,51,30.19,30.16,30.11,10,10,10,21,10,25,0,3,NA,280,94107
2014-02-18,62,55,48,53,49,45,93,80,67,30.2,30.15,30.12,10,10,5,22,8,25,0,5,NA,272,94107
2014-02-19,62,57,51,54,48,43,93,72,51,30.22,30.16,30.12,10,10,10,23,14,26,0.01,4,NA,276,94107
2014-02-20,67,56,45,47,44,41,86,65,43,30.22,30.17,30.12,10,10,9,18,6,22,0,4,NA,277,94107
2014-02-21,69,58,47,51,46,40,86,61,35,30.12,30.06,30,10,10,10,22,7,26,0,1,NA,282,94107
2014-02-22,66,56,46,52,48,43,93,78,63,30.03,29.99,29.94,10,10,10,23,9,28,0,2,NA,286,94107
2014-02-23,63,55,46,52,47,44,93,81,69,30.04,30,29.96,10,9,6,23,8,26,0,3,NA,268,94107
2014-02-24,71,58,45,53,47,41,89,65,40,30.01,29.96,29.91,10,10,10,17,6,21,0,1,NA,302,94107
2014-02-25,62,55,48,53,48,45,89,78,67,29.99,29.95,29.92,10,9,7,20,6,23,0,6,NA,215,94107
2014-02-26,60,57,54,56,52,47,93,80,67,29.96,29.84,29.69,10,9,4,31,15,39,0.43,8,Rain,147,94107
2014-02-27,62,58,55,52,51,51,89,81,67,29.91,29.85,29.78,10,10,8,17,15,35,0.22,8,Rain,205,94107
2014-02-28,63,59,55,54,50,43,86,65,43,29.5,29.43,29.39,10,8,1,26,13,33,0.74,8,rain,208,94107
2014-03-01,69,62,54,54,48,44,78,63,48,29.82,29.63,29.47,10,10,10,17,10,25,0.03,7,Rain,108,94107
2014-03-02,61,57,53,55,51,47,83,75,67,30.17,30.01,29.83,10,9,2,20,9,26,0.02,6,Rain,181,94107
2014-03-03,61,56,50,52,49,47,89,77,64,30.15,30.11,30.04,10,10,9,18,6,28,0.1,7,Rain,135,94107
2014-03-04,66,61,55,54,52,49,86,77,67,30.12,30.09,30.06,10,10,7,17,5,NA,T,7,Rain,16,94107
2014-03-05,66,60,54,58,54,48,93,73,52,30.11,30.06,29.99,10,8,2,20,6,23,0.26,8,Rain,211,94107
2014-03-06,65,58,51,57,53,48,93,80,67,30.2,30.13,30.06,10,9,4,15,8,20,0.01,6,Rain,258,94107
2014-03-07,66,57,48,50,47,43,89,67,44,30.19,30.15,30.11,10,10,9,14,6,24,0,2,NA,296,94107
2014-03-08,72,59,46,51,48,39,93,63,33,30.21,30.16,30.12,10,10,10,17,4,48,0,5,Fog,285,94107
2014-03-09,71,63,55,54,51,48,80,69,57,30.17,30.13,30.07,10,10,10,13,6,18,T,7,Rain,291,94107
2014-03-10,68,62,56,55,48,43,86,66,45,30.24,30.17,30.11,10,10,9,20,8,22,T,5,Rain,307,94107
2014-03-11,74,61,47,40,31,25,61,40,19,30.19,30.1,30.02,10,10,10,30,11,37,0,1,NA,6,94107
2014-03-12,78,66,53,34,28,23,36,26,16,30.11,30.05,30.01,10,10,10,32,16,40,0,0,NA,28,94107
2014-03-13,73,58,46,49,43,33,80,58,27,30.08,30.03,29.99,10,10,10,17,6,NA,0,1,NA,270,94107
2014-03-14,67,60,53,52,49,46,83,68,52,30.23,30.15,30.08,10,10,10,13,7,21,0,4,NA,248,94107
2014-03-15,77,62,47,52,48,41,93,63,33,30.31,30.27,30.23,10,10,10,14,6,16,0,0,Fog,293,94107
2014-03-16,72,60,48,52,48,46,89,68,47,30.32,30.27,30.21,10,10,10,21,8,23,0,3,Fog,292,94107
2014-03-17,69,59,49,49,46,43,77,60,42,30.24,30.11,29.99,10,10,10,22,11,29,T,3,NA,291,94107
2014-03-18,70,57,43,45,39,31,86,55,24,29.99,29.95,29.91,10,10,10,17,5,22,0,1,NA,290,94107
2014-03-19,73,59,45,48,40,34,77,52,27,30.09,30.04,29.98,10,10,10,14,6,26,0,2,NA,316,94107
2014-03-20,70,60,50,51,45,41,77,61,44,30.06,30.02,29.96,10,10,10,18,8,NA,0,5,NA,292,94107
2014-03-21,63,56,48,47,45,44,86,69,52,30.01,29.98,29.96,10,10,9,20,8,37,0,3,NA,263,94107
2014-03-22,65,58,51,47,45,43,83,64,44,30.13,30.06,30,10,10,10,16,8,23,0,3,NA,246,94107
2014-03-23,65,57,48,48,46,44,83,68,52,30.19,30.14,30.1,10,10,10,15,7,20,0,3,NA,280,94107
2014-03-24,72,59,46,50,46,38,86,58,29,30.17,30.1,30.03,10,10,6,18,6,29,0,1,NA,328,94107
2014-03-25,63,54,45,55,49,42,87,75,62,30.06,29.97,29.88,10,9,2,18,8,29,0.15,5,Rain,253,94107
2014-03-26,62,58,53,51,48,47,89,77,64,29.99,29.87,29.82,10,8,1,23,12,35,0.63,7,Rain,235,94107
2014-03-27,65,61,56,48,46,43,77,61,44,30.14,30.07,29.98,10,10,7,17,9,25,T,6,NA,244,94107
2014-03-28,69,63,56,52,49,46,77,63,49,30.21,30.16,30.12,10,10,7,17,9,30,0.01,6,Rain,191,94107
2014-03-29,60,57,53,55,51,45,93,79,64,30.14,30.07,30.02,10,8,1,24,12,29,0.87,8,Rain,200,94107
2014-03-30,61,56,50,46,44,41,77,64,51,30.14,30.11,30.06,10,10,10,17,10,21,0,4,NA,277,94107
2014-03-31,57,53,48,47,44,42,86,76,66,30.08,29.94,29.85,10,8,1,31,13,36,0.57,6,Rain,169,94107
2014-04-01,58,52,46,47,43,41,82,72,61,29.95,29.89,29.85,10,9,2,30,13,36,0.69,7,Rain,158,94107
2014-04-02,61,53,45,45,43,39,89,68,46,30.12,30.03,29.88,10,10,10,21,8,28,T,4,Rain,357,94107
2014-04-03,62,54,46,46,44,42,86,69,51,30.13,30.1,30.05,10,10,10,16,8,20,0,5,NA,211,94107
2014-04-04,61,56,50,49,46,43,86,71,55,30.06,30.02,29.99,10,9,4,22,8,28,0.32,6,Rain,292,94107
2014-04-05,65,56,46,49,46,43,86,71,56,30.2,30.13,30.06,10,10,10,17,7,21,0,2,NA,292,94107
2014-04-06,72,61,49,54,50,45,93,71,49,30.25,30.18,30.11,10,10,10,16,5,29,0,2,NA,275,94107
2014-04-07,79,65,51,56,52,47,86,62,37,30.16,30.11,30.06,10,10,10,15,6,20,0,0,NA,291,94107
2014-04-08,78,67,56,56,53,50,93,70,46,30.12,30.07,30.03,10,10,10,16,6,20,0,3,NA,299,94107
2014-04-09,66,59,52,52,49,48,93,75,56,30.11,30.06,30,10,10,10,17,8,49,0,4,NA,295,94107
2014-04-10,74,63,51,54,50,47,89,71,53,30.05,29.99,29.9,10,10,8,18,7,26,0,5,NA,302,94107
2014-04-11,63,58,53,50,49,48,89,75,60,29.97,29.92,29.87,10,10,10,24,9,28,0,7,NA,298,94107
2014-04-12,64,59,54,48,47,45,77,69,60,29.96,29.92,29.88,10,10,10,21,11,28,0,5,NA,262,94107
2014-04-13,69,61,53,51,48,45,83,69,55,30.06,30.01,29.96,10,10,8,22,9,25,0,4,NA,262,94107
2014-04-14,68,59,50,52,49,48,89,73,56,30.13,30.07,30.03,10,9,6,21,8,23,0,5,NA,283,94107
2014-04-15,66,59,52,49,48,46,83,70,56,30.08,30,29.92,10,10,7,18,8,30,0,4,NA,275,94107
2014-04-16,73,62,50,50,49,45,83,64,44,29.93,29.89,29.83,10,9,7,18,8,24,0,2,NA,257,94107
2014-04-17,64,58,51,51,49,47,89,75,60,29.89,29.85,29.81,10,10,7,17,7,29,0,2,NA,262,94107
2014-04-18,64,58,51,51,48,45,83,70,56,29.97,29.92,29.88,10,10,10,18,8,31,0,3,NA,263,94107
2014-04-19,65,59,52,52,48,44,86,69,52,30.13,30.07,29.97,10,10,10,25,12,38,0,5,NA,262,94107
2014-04-20,76,63,50,52,48,44,86,60,33,30.16,30.11,30.07,10,10,10,21,6,36,0,3,NA,269,94107
2014-04-21,67,59,50,50,46,41,83,63,43,30.09,30.04,29.99,10,10,8,24,9,41,0,5,NA,275,94107
2014-04-22,65,59,52,50,42,36,83,60,37,30.14,30.06,29.98,10,10,4,31,19,36,T,5,Rain,287,94107
2014-04-23,67,56,45,49,41,35,72,56,39,30.16,30.12,30.09,10,10,10,24,9,33,0,3,NA,299,94107
2014-04-24,66,59,51,54,51,47,86,71,56,30.13,30.07,30,10,10,6,21,9,36,0.02,5,Rain,268,94107
2014-04-25,58,55,52,55,49,43,86,74,61,29.99,29.88,29.81,10,8,2,28,12,35,0.57,8,Rain,253,94107
2014-04-26,63,53,44,44,42,39,86,63,44,30.1,29.99,29.87,10,10,10,25,10,30,0,4,NA,280,94107
2014-04-27,64,58,52,49,46,43,66,57,48,30.14,30.09,30.05,10,10,7,24,13,30,T,5,Rain,234,94107
2014-04-28,71,59,47,49,46,43,93,67,40,30.23,30.19,30.15,10,10,8,20,7,28,0,1,NA,287,94107
2014-04-29,83,67,50,56,47,43,80,52,24,30.21,30.14,30.05,10,10,10,13,4,17,0,2,NA,254,94107
2014-04-30,89,73,57,56,50,42,80,53,25,30.09,30.05,30,10,10,10,13,5,20,0,2,NA,280,94107
2014-05-01,85,71,57,54,46,34,72,45,17,30.09,30.07,30.03,10,10,10,20,6,23,0,2,NA,290,94107
2014-05-02,72,63,53,56,52,50,93,71,49,30.1,30.06,30.02,10,10,10,21,8,28,0,5,Fog,282,94107
2014-05-03,67,61,54,52,50,48,86,69,52,30.06,30.04,30,10,10,10,29,16,NA,0,6,NA,262,94107
2014-05-04,68,63,57,51,51,49,80,66,52,30.07,30.04,30.02,10,10,10,22,15,25,0,5,NA,270,94107
2014-05-05,67,61,55,51,47,43,80,64,48,30.06,30.02,29.96,10,10,10,30,17,36,0,4,NA,276,94107
2014-05-06,69,61,52,49,45,41,72,58,44,29.95,29.92,29.88,10,10,10,25,11,32,0,1,NA,275,94107
2014-05-07,64,58,51,48,46,43,83,64,44,30.01,29.95,29.89,10,10,10,23,12,93,0,4,NA,218,94107
2014-05-08,65,60,54,56,50,45,84,73,62,30.1,30.06,30.01,10,10,6,18,10,23,T,7,Rain,246,94107
2014-05-09,69,62,55,54,50,44,86,64,42,30.17,30.13,30.1,10,10,7,29,16,35,T,5,NA,272,94107
2014-05-10,70,61,51,46,44,38,72,53,34,30.14,30.09,30.03,10,10,10,26,12,30,0,2,NA,289,94107
2014-05-11,77,65,53,48,41,32,67,45,23,30.1,30.07,30.02,10,10,10,25,10,32,0,1,NA,303,94107
2014-05-12,82,66,50,52,46,38,77,50,23,30.12,30.08,30.04,10,10,10,15,6,31,0,2,NA,299,94107
2014-05-13,91,74,56,51,44,35,67,43,19,30.13,30.1,30.07,10,10,10,15,5,21,0,1,NA,283,94107
2014-05-14,90,75,59,53,46,38,67,43,18,30.13,30.09,30.04,10,10,10,15,6,17,0,2,NA,291,94107
2014-05-15,83,70,57,50,47,41,69,47,25,30.1,30.08,30.05,10,10,10,20,6,21,0,3,NA,280,94107
2014-05-16,70,63,55,52,51,49,83,65,47,30.1,30.06,30,10,10,10,22,12,25,0,5,NA,266,94107
2014-05-17,67,61,55,52,51,50,86,71,56,30.03,30,29.97,10,10,10,22,13,29,0,6,NA,261,94107
2014-05-18,70,63,56,54,50,46,80,64,47,30,29.98,29.95,10,10,10,29,16,33,0,3,NA,276,94107
2014-05-19,68,62,56,51,49,48,77,65,52,29.98,29.96,29.93,10,10,10,28,16,32,0,5,NA,273,94107
2014-05-20,70,63,55,52,49,47,80,64,47,30.01,29.98,29.94,10,10,10,22,11,25,0,5,NA,262,94107
2014-05-21,70,63,55,52,50,48,83,68,53,29.99,29.97,29.93,10,10,9,22,11,24,0,5,NA,247,94107
2014-05-22,69,62,54,52,50,48,89,72,55,30.05,29.98,29.94,10,10,10,18,11,22,0,6,NA,275,94107
2014-05-23,68,61,54,52,51,48,86,72,58,30.05,30.01,29.96,10,10,10,22,10,28,0,6,NA,272,94107
2014-05-24,67,61,55,52,51,48,86,71,56,30.02,29.99,29.95,10,10,10,20,10,26,0,3,NA,265,94107
2014-05-25,73,65,56,52,49,48,77,61,44,30,29.96,29.92,10,10,10,17,8,20,0,1,NA,242,94107
2014-05-26,73,62,51,54,51,47,89,71,53,30.03,30,29.96,10,10,9,20,8,23,T,0,NA,258,94107
2014-05-27,68,61,54,49,48,45,83,64,45,30.07,30.03,29.99,10,10,10,18,8,24,0,1,NA,264,94107
2014-05-28,74,62,49,50,45,36,83,57,30,30.07,30.02,29.96,10,10,10,22,9,26,0,0,NA,287,94107
2014-05-29,77,64,51,53,47,40,83,55,27,29.96,29.94,29.91,10,10,10,20,8,23,0,1,NA,267,94107
2014-05-30,64,59,53,49,48,47,83,70,56,29.99,29.96,29.92,10,10,9,20,12,24,0,6,NA,262,94107
2014-05-31,69,61,53,52,49,48,89,71,53,29.98,29.96,29.92,10,10,10,18,10,22,T,4,NA,256,94107
2014-06-01,72,62,51,52,50,48,93,71,49,29.94,29.89,29.81,10,9,5,17,9,32,0,3,NA,305,94107
2014-06-02,67,60,52,51,49,48,89,73,56,29.92,29.89,29.84,10,10,10,23,11,44,0,6,NA,259,94107
2014-06-03,67,60,52,50,49,48,83,68,52,29.96,29.92,29.88,10,10,10,20,11,NA,0,4,NA,278,94107
2014-06-04,70,61,52,52,51,48,89,71,53,29.92,29.89,29.84,10,10,6,20,8,21,0,4,NA,288,94107
2014-06-05,67,60,52,52,51,48,89,74,58,29.88,29.85,29.81,10,9,6,21,11,25,0,3,NA,314,94107
2014-06-06,68,61,53,52,51,50,89,74,58,29.86,29.83,29.81,10,10,8,21,10,24,0,3,NA,320,94107
2014-06-07,70,63,56,53,51,50,86,71,55,29.86,29.83,29.79,10,9,7,18,8,23,0,3,NA,297,94107
2014-06-08,86,70,53,56,53,49,89,61,32,29.83,29.78,29.72,10,9,7,18,7,23,0,0,NA,304,94107
2014-06-09,78,68,58,56,54,53,80,67,53,29.76,29.73,29.7,10,9,7,22,10,25,0,1,NA,305,94107
2014-06-10,68,63,57,55,54,52,86,73,59,29.84,29.78,29.73,10,10,9,23,10,28,0,4,NA,318,94107
2014-06-11,70,64,58,55,53,51,78,66,53,29.92,29.86,29.82,10,10,10,23,12,31,0,5,NA,258,94107
2014-06-12,66,61,55,52,49,48,80,68,56,30.01,29.96,29.91,10,10,10,21,14,25,0,5,NA,257,94107
2014-06-13,72,64,55,53,51,48,83,65,47,29.99,29.96,29.93,10,10,10,17,8,23,0,2,NA,238,94107
2014-06-14,80,67,53,54,50,48,89,63,36,29.95,29.9,29.85,10,10,10,23,9,25,0,2,NA,282,94107
2014-06-15,68,61,54,52,50,48,80,66,52,29.86,29.83,29.81,10,10,8,24,13,26,0,5,NA,248,94107
2014-06-16,65,61,56,50,48,46,83,70,56,29.94,29.9,29.85,10,10,10,22,14,26,0,5,NA,248,94107
2014-06-17,73,62,50,50,47,43,77,56,35,29.97,29.93,29.9,10,10,10,21,7,23,0,1,NA,246,94107
2014-06-18,82,68,53,52,49,46,77,53,28,29.96,29.94,29.91,10,10,10,21,7,23,0,0,NA,280,94107
2014-06-19,70,61,52,52,50,48,86,70,53,30.01,29.98,29.95,10,10,9,22,9,32,0,2,NA,302,94107
2014-06-20,74,64,54,54,52,49,86,66,46,30,29.97,29.94,10,10,10,22,10,24,0,4,NA,250,94107
2014-06-21,65,59,53,50,49,48,83,70,56,29.95,29.93,29.91,10,10,10,20,8,23,0,5,NA,276,94107
2014-06-22,66,60,54,50,49,48,77,67,56,29.97,29.94,29.9,10,10,10,25,12,30,0,4,NA,249,94107
2014-06-23,70,63,55,52,50,47,83,67,51,29.97,29.95,29.93,10,10,10,20,9,29,0,5,NA,252,94107
2014-06-24,70,62,54,55,52,48,83,71,58,30.02,29.98,29.96,10,10,10,21,10,26,0,3,NA,269,94107
2014-06-25,68,63,57,58,55,53,90,79,68,30.02,29.99,29.97,10,10,8,21,13,33,T,7,NA,263,94107
2014-06-26,70,65,59,57,55,53,90,74,57,30.01,29.99,29.97,10,10,7,18,12,32,T,5,Rain,261,94107
2014-06-27,71,64,57,59,56,53,86,76,66,30.01,29.98,29.94,10,10,10,21,9,29,0,5,NA,261,94107
2014-06-28,72,65,57,55,54,52,87,72,57,29.98,29.95,29.91,10,10,10,20,9,25,0,3,NA,253,94107
2014-06-29,80,67,54,55,52,50,87,62,37,29.95,29.9,29.83,10,10,10,18,8,22,0,0,NA,276,94107
2014-06-30,82,70,57,57,54,52,84,63,42,29.84,29.82,29.79,10,10,8,20,9,35,0,3,NA,304,94107
2014-07-01,72,64,56,55,54,53,93,73,53,29.87,29.83,29.8,10,10,10,21,10,29,0,5,NA,316,94107
2014-07-02,70,64,57,55,54,53,86,72,57,29.92,29.88,29.85,10,10,10,21,11,23,0,6,NA,265,94107
2014-07-03,69,62,54,54,52,52,86,71,55,29.96,29.92,29.9,10,10,10,18,10,25,0,3,NA,264,94107
2014-07-04,67,61,54,54,52,51,93,76,58,30.02,29.97,29.91,10,10,9,21,9,24,0,4,NA,320,94107
2014-07-05,72,63,53,54,53,51,93,73,53,30.09,30.04,30.02,10,10,10,18,7,32,0,3,NA,299,94107
2014-07-06,70,62,53,53,52,51,93,73,53,30.07,30.01,29.95,10,10,10,21,10,25,0,3,NA,296,94107
2014-07-07,70,62,54,55,54,52,93,76,59,29.94,29.9,29.85,10,10,10,23,9,35,0,7,NA,314,94107
2014-07-08,68,63,57,55,54,54,93,78,63,29.93,29.91,29.86,10,10,10,18,9,28,0,5,NA,311,94107
2014-07-09,71,64,57,56,55,54,93,77,61,29.96,29.91,29.87,10,10,10,20,8,23,0,4,NA,314,94107
2014-07-10,73,67,60,56,55,54,84,71,57,29.95,29.92,29.88,10,10,10,18,9,22,0,4,NA,270,94107
2014-07-11,72,67,61,56,54,52,84,69,53,30.08,30.01,29.94,10,10,10,22,13,25,0,5,NA,262,94107
2014-07-12,70,64,58,55,54,53,80,69,57,30.1,30.07,30.04,10,10,6,23,12,25,T,5,NA,273,94107
2014-07-13,71,65,58,56,54,53,86,74,61,30.05,29.99,29.89,10,9,6,16,8,21,T,6,NA,280,94107
2014-07-14,76,67,57,58,55,52,87,70,53,29.94,29.9,29.86,10,10,9,24,9,30,0,3,NA,310,94107
2014-07-15,77,68,59,61,58,55,90,73,56,30.01,29.97,29.92,10,10,10,20,11,23,0,6,NA,321,94107
2014-07-16,74,68,62,59,57,56,90,74,57,30.04,30,29.98,10,10,10,23,14,28,0,6,NA,285,94107
2014-07-17,73,68,63,57,56,55,78,68,57,30.02,29.99,29.97,10,10,10,21,13,24,0,4,NA,275,94107
2014-07-18,71,67,63,57,56,55,84,73,61,30.03,29.99,29.95,10,10,10,20,12,23,0,6,NA,276,94107
2014-07-19,72,67,62,58,56,55,84,71,57,29.97,29.96,29.94,10,10,10,20,10,24,0,6,NA,293,94107
2014-07-20,73,68,62,59,58,57,84,73,61,30,29.97,29.93,10,10,10,20,11,25,0,6,NA,297,94107
2014-07-21,74,69,63,60,58,56,78,68,57,30.07,30.03,29.98,10,10,10,20,11,22,0,5,NA,293,94107
2014-07-22,76,70,63,58,57,55,78,64,50,30.12,30.07,30.04,10,10,10,21,10,30,0.01,5,Rain,276,94107
2014-07-23,76,70,63,60,58,56,78,68,57,30.15,30.1,30.05,10,10,10,20,9,23,0,4,NA,266,94107
2014-07-24,83,73,62,59,57,54,84,63,42,30.05,29.96,29.85,10,10,10,17,7,20,0,2,NA,284,94107
2014-07-25,90,75,60,59,56,45,84,53,22,29.89,29.86,29.83,10,10,8,18,8,22,0,0,NA,293,94107
2014-07-26,77,69,61,58,56,55,78,66,53,29.96,29.92,29.88,10,10,9,21,11,23,0,2,NA,310,94107
2014-07-27,78,70,61,58,57,56,84,67,50,30,29.96,29.93,10,10,9,23,11,25,0,4,NA,307,94107
2014-07-28,72,67,61,57,56,55,84,71,57,30.06,30.03,29.99,10,10,10,21,10,24,0,6,NA,316,94107
2014-07-29,76,68,60,58,56,55,84,67,50,30.06,30.03,29.99,10,10,10,20,11,22,0,2,NA,303,94107
2014-07-30,73,66,59,57,56,55,84,71,57,30.02,29.99,29.95,10,10,10,21,11,24,0,4,NA,305,94107
2014-07-31,71,65,59,57,56,55,87,72,57,30,29.95,29.89,10,10,9,17,9,22,0,5,NA,307,94107
2014-08-01,72,65,58,59,56,54,90,74,57,29.94,29.91,29.88,10,9,7,18,9,22,0,3,NA,305,94107
2014-08-02,68,64,60,56,55,54,84,76,67,29.97,29.94,29.91,10,10,9,18,10,23,0,6,NA,293,94107
2014-08-03,69,65,61,56,55,54,84,72,59,29.98,29.95,29.93,10,10,10,18,11,29,0,7,NA,274,94107
2014-08-04,73,67,61,56,55,54,84,71,57,30.01,29.98,29.94,10,10,10,17,10,21,0,7,NA,281,94107
2014-08-05,74,68,62,59,57,55,84,71,57,30.08,30.03,30.01,10,10,10,20,7,26,T,7,NA,294,94107
2014-08-06,78,69,60,61,59,55,87,71,54,30.03,30,29.96,10,10,10,20,8,36,T,6,Rain,299,94107
2014-08-07,69,65,60,56,55,54,84,73,61,29.99,29.96,29.92,10,10,8,18,7,29,0,5,NA,291,94107
2014-08-08,73,66,58,55,54,52,84,69,53,29.94,29.92,29.88,10,9,7,20,11,28,0,3,NA,274,94107
2014-08-09,67,63,59,55,54,53,80,74,67,30,29.96,29.91,10,10,9,21,12,31,T,6,NA,255,94107
2014-08-10,73,67,60,56,55,54,84,71,57,30.02,29.98,29.94,10,10,10,22,9,36,T,6,NA,262,94107
2014-08-11,73,67,61,57,56,55,84,69,53,29.97,29.94,29.9,10,10,10,18,9,22,0,4,NA,305,94107
2014-08-12,74,68,61,56,55,53,78,66,53,30,29.96,29.93,10,10,10,20,10,31,0,6,NA,275,94107
2014-08-13,75,68,60,57,55,54,84,69,53,30.02,29.97,29.94,10,10,10,21,9,24,0,5,NA,276,94107
2014-08-14,73,66,59,57,56,55,84,71,57,29.98,29.95,29.9,10,10,10,20,9,26,0,5,NA,315,94107
2014-08-15,74,66,58,57,56,54,87,70,53,30.02,29.98,29.95,10,10,8,18,9,39,0,4,NA,323,94107
2014-08-16,73,67,60,57,56,55,84,73,61,30.06,30.01,29.97,10,10,10,20,9,23,0,4,NA,305,94107
2014-08-17,72,65,58,57,55,54,84,73,61,30.05,30,29.93,10,10,10,21,10,24,0,5,NA,293,94107
2014-08-18,68,64,60,57,55,55,84,76,68,29.93,29.88,29.84,10,10,9,22,11,28,T,7,NA,271,94107
2014-08-19,74,67,60,57,56,55,84,71,57,29.88,29.85,29.81,10,10,9,21,10,23,T,5,Rain,266,94107
2014-08-20,73,68,62,57,56,55,84,71,57,29.94,29.9,29.86,10,10,10,18,10,28,0,5,NA,263,94107
2014-08-21,75,68,61,59,57,56,84,71,57,29.97,29.94,29.91,10,10,10,20,8,23,0,4,NA,298,94107
2014-08-22,75,69,62,59,57,55,90,74,57,29.95,29.93,29.91,10,10,10,21,8,28,0,5,NA,273,94107
2014-08-23,75,68,60,56,55,53,78,64,49,29.97,29.91,29.86,10,10,10,16,9,20,0,3,NA,269,94107
2014-08-24,74,67,59,56,55,54,84,69,53,29.92,29.87,29.82,10,10,10,21,11,23,0,4,NA,291,94107
2014-08-25,72,68,63,56,55,54,73,63,53,29.96,29.89,29.85,10,10,10,18,11,24,0,5,NA,265,94107
2014-08-26,75,69,62,57,55,53,78,64,49,30.03,29.99,29.95,10,10,10,18,9,23,0,2,NA,284,94107
2014-08-27,77,68,59,59,57,55,84,69,54,30.07,30.04,30,10,10,8,21,9,22,0,1,NA,302,94107
2014-08-28,75,68,60,59,57,55,90,74,57,30.08,30.03,29.94,10,10,10,20,9,22,0,4,NA,296,94107
2014-08-29,72,67,61,58,57,55,84,75,66,29.98,29.94,29.9,10,10,10,21,7,24,T,7,NA,272,94107
2014-08-30,77,68,59,60,58,56,87,71,54,29.93,29.9,29.87,10,10,10,18,8,21,0,3,Fog,267,94107
2014-08-31,76,69,61,59,57,54,84,69,54,29.95,29.9,29.85,10,10,10,17,8,28,0,3,NA,279,94107
2014-09-01,83,70,57,58,56,52,86,64,42,29.86,29.82,29.76,10,10,8,16,7,20,0,0,NA,290,94107
2014-09-02,72,66,60,58,57,55,84,73,61,29.87,29.82,29.79,10,10,7,21,8,NA,0,5,NA,290,94107
2014-09-03,76,69,61,57,56,55,84,69,53,29.81,29.76,29.72,10,10,10,21,8,24,0,4,NA,276,94107
2014-09-04,74,68,61,57,57,56,84,71,57,29.81,29.76,29.72,10,10,8,22,8,25,0,5,NA,301,94107
2014-09-05,72,66,60,57,56,54,84,71,57,29.92,29.87,29.81,10,9,7,18,8,32,0,4,NA,309,94107
2014-09-06,72,66,60,55,54,52,84,69,53,29.98,29.93,29.89,10,9,7,17,9,30,0,4,NA,290,94107
2014-09-07,72,66,60,54,53,45,78,66,53,29.92,29.87,29.82,10,10,10,18,10,28,0,3,NA,293,94107
2014-09-08,68,64,59,52,51,50,72,64,55,29.96,29.9,29.86,10,10,10,18,12,22,0,4,NA,272,94107
2014-09-09,72,65,57,56,53,52,87,72,57,30.01,29.96,29.91,10,10,10,17,7,21,0,5,NA,270,94107
2014-09-10,82,68,54,59,56,51,93,66,39,29.96,29.9,29.83,10,9,5,16,5,20,0,1,NA,283,94107
2014-09-11,83,70,57,59,57,50,90,62,33,29.91,29.87,29.82,10,8,2,20,7,22,0,2,NA,312,94107
2014-09-12,77,67,57,59,56,54,87,69,50,29.91,29.85,29.8,10,9,6,15,8,23,0,1,NA,299,94107
2014-09-13,75,67,59,59,57,55,84,71,57,29.87,29.83,29.78,10,10,9,22,8,33,0,4,NA,306,94107
2014-09-14,74,67,60,57,56,55,84,69,53,29.87,29.84,29.81,10,10,9,18,8,28,0,2,NA,295,94107
2014-09-15,77,70,62,58,56,53,84,64,43,29.94,29.9,29.85,10,10,10,18,9,49,0,3,NA,281,94107
2014-09-16,78,68,58,60,57,54,87,67,47,29.95,29.89,29.81,10,10,8,18,7,21,0,4,NA,276,94107
2014-09-17,77,69,61,64,58,55,84,67,50,29.83,29.8,29.75,10,10,9,21,9,29,T,5,Rain,267,94107
2014-09-18,78,70,61,65,62,58,87,71,54,29.9,29.84,29.78,10,10,6,20,9,29,T,5,Rain,242,94107
2014-09-19,73,66,59,61,60,59,93,79,64,29.93,29.9,29.86,10,10,8,23,7,31,0,5,NA,295,94107
2014-09-20,71,67,63,60,59,57,90,79,68,29.95,29.92,29.89,10,10,10,20,9,23,0,6,NA,296,94107
2014-09-21,69,67,64,59,58,57,78,72,66,30.02,29.99,29.94,10,10,10,22,11,28,0,8,NA,269,94107
2014-09-22,75,69,63,58,57,55,78,66,53,30.04,30,29.96,10,10,10,18,9,21,0,4,NA,277,94107
2014-09-23,75,69,63,63,59,57,87,76,64,30.02,29.97,29.93,10,10,7,18,8,23,T,5,Rain,276,94107
2014-09-24,77,71,65,63,62,60,87,74,60,29.97,29.94,29.89,10,9,5,20,9,26,0.01,6,Rain,267,94107
2014-09-25,72,65,58,59,57,56,100,79,57,30.02,29.96,29.91,10,8,2,21,6,24,0.43,6,Rain,288,94107
2014-09-26,73,67,60,59,57,54,90,72,53,30.01,29.96,29.9,10,10,10,25,9,29,0,4,NA,290,94107
2014-09-27,71,63,55,59,56,52,93,75,57,29.94,29.89,29.84,10,10,10,18,9,24,0,3,NA,248,94107
2014-09-28,72,67,61,57,56,55,84,73,61,29.96,29.89,29.83,10,10,10,15,7,17,0,6,NA,219,94107
2014-09-29,69,63,57,57,56,55,90,77,63,30.05,29.99,29.96,10,10,8,20,8,28,0,5,NA,278,94107
2014-09-30,73,65,57,58,57,54,90,74,57,30.05,29.95,29.85,10,10,9,16,7,18,0,4,NA,253,94107
2014-10-01,83,68,53,60,51,40,93,58,22,29.98,29.9,29.85,10,10,8,15,4,31,0,1,NA,283,94107
2014-10-02,87,70,52,61,48,42,72,51,29,30.04,29.99,29.94,10,10,9,14,6,18,0,0,NA,309,94107
2014-10-03,89,72,55,59,49,42,72,47,21,30.1,30.04,29.99,10,10,10,15,5,20,0,0,NA,289,94107
2014-10-04,92,74,55,55,46,40,73,46,19,30.04,29.99,29.92,10,10,10,14,4,17,0,1,NA,323,94107
2014-10-05,88,71,53,57,52,45,84,55,26,29.97,29.92,29.87,10,10,10,15,5,35,0,1,NA,317,94107
2014-10-06,83,68,52,60,55,50,93,65,36,29.94,29.9,29.84,10,10,7,15,6,62,0,1,Fog,298,94107
2014-10-07,73,62,51,58,54,50,96,77,57,29.95,29.9,29.86,10,9,2,18,7,21,0,2,Fog,296,94107
2014-10-08,75,64,52,59,55,51,93,73,53,29.93,29.89,29.85,10,9,7,16,5,17,0,1,NA,310,94107
2014-10-09,66,62,57,56,55,53,93,80,67,30.01,29.96,29.92,10,10,10,17,9,20,0,4,NA,288,94107
2014-10-10,66,61,56,55,54,52,93,80,67,30.08,30.03,30,10,10,10,18,9,28,0,6,NA,273,94107
2014-10-11,73,64,55,57,54,52,93,71,49,30.08,30.02,29.97,10,10,9,13,6,15,0,4,NA,265,94107
2014-10-12,86,69,51,62,51,31,93,53,13,29.99,29.95,29.89,10,10,10,13,4,18,0,0,NA,284,94107
2014-10-13,83,67,50,56,46,34,87,53,19,29.97,29.93,29.91,10,10,8,17,6,33,0,1,NA,347,94107
2014-10-14,72,65,58,57,55,54,87,70,53,29.95,29.89,29.83,10,10,8,26,9,32,0,6,NA,206,94107
2014-10-15,71,63,54,57,55,53,86,72,57,30.04,29.97,29.86,10,10,9,21,8,28,T,6,Rain,225,94107
2014-10-16,71,61,51,56,51,45,93,68,42,30.05,29.99,29.95,10,10,10,18,6,22,0,5,NA,313,94107
2014-10-17,73,62,51,57,50,47,89,65,41,29.98,29.95,29.92,10,10,10,12,4,17,0,5,NA,142,94107
2014-10-18,75,65,54,58,54,49,84,64,43,30,29.94,29.88,10,10,10,17,6,28,0,2,NA,285,94107
2014-10-19,71,63,55,61,57,52,93,80,66,29.93,29.9,29.87,10,10,9,20,7,22,0,3,NA,300,94107
2014-10-20,70,62,54,59,55,51,78,68,57,30.06,29.97,29.91,10,9,2,18,9,22,0.01,5,Rain,250,94107
2014-10-21,70,60,49,53,49,43,83,60,37,30.11,30.06,30.02,10,10,10,20,7,36,0,1,NA,307,94107
2014-10-22,71,60,49,57,52,46,86,72,57,30.09,30.05,30.02,10,10,10,15,5,17,0,4,NA,281,94107
2014-10-23,72,64,55,59,56,53,93,75,57,30.08,30.02,29.97,10,10,10,14,4,15,0.01,5,Fog,302,94107
2014-10-24,71,64,56,57,54,50,83,71,59,29.98,29.94,29.89,10,10,10,18,9,26,0,2,NA,184,94107
2014-10-25,70,65,60,59,56,54,90,76,61,30.14,30.02,29.89,10,10,4,25,13,30,0.23,6,Rain,208,94107
2014-10-26,69,60,50,55,49,43,93,66,39,30.18,30.12,30.06,10,10,10,18,7,21,0,1,NA,324,94107
2014-10-27,67,57,47,52,48,42,86,69,52,30.08,30.05,30.01,10,10,10,12,4,14,0,2,NA,300,94107
2014-10-28,71,60,48,55,50,45,93,70,47,30.13,30.09,30.06,10,10,10,15,6,17,0,1,Fog,325,94107
2014-10-29,77,64,50,58,53,49,89,63,36,30.12,30.06,29.98,10,10,10,15,4,17,0,1,NA,285,94107
2014-10-30,71,63,54,57,53,47,84,74,63,29.96,29.92,29.89,10,10,10,16,6,26,0,5,NA,270,94107
2014-10-31,64,61,57,58,54,49,87,80,72,29.91,29.84,29.73,10,8,2,18,8,24,0.32,8,Rain,224,94107
2014-11-01,64,56,48,51,48,44,83,72,60,30.04,29.9,29.75,10,10,10,22,9,24,0,4,NA,270,94107
2014-11-02,66,55,44,50,45,42,93,71,48,30.17,30.13,30.05,10,10,10,21,4,24,0,1,NA,281,94107
2014-11-03,66,55,44,52,46,40,86,63,40,30.27,30.22,30.17,10,10,10,15,5,16,0,4,NA,281,94107
2014-11-04,69,58,46,54,49,44,93,68,42,30.33,30.27,30.23,10,10,7,12,4,14,0,2,Fog,297,94107
2014-11-05,72,60,48,54,49,43,77,61,44,30.23,30.15,30.08,10,10,10,7,3,8,0,2,NA,202,94107
2014-11-06,72,61,50,56,52,46,93,69,44,30.22,30.19,30.14,10,10,7,13,4,15,0,3,NA,295,94107
2014-11-07,70,60,50,58,54,48,100,81,61,30.24,30.18,30.1,10,5,0,13,4,15,0.01,3,Fog,332,94107
2014-11-08,72,61,50,59,53,48,100,79,57,30.13,30.08,30.01,10,7,0,8,2,20,0,3,Fog,265,94107
2014-11-09,70,59,48,57,53,46,100,81,61,30.02,29.92,29.83,10,10,6,15,4,17,0,1,Fog,299,94107
2014-11-10,65,56,47,57,52,46,100,86,72,29.86,29.83,29.8,10,5,0,16,5,18,0.01,3,Fog,316,94107
2014-11-11,66,62,58,54,49,47,80,68,56,29.98,29.92,29.86,10,10,10,15,9,21,0,7,NA,233,94107
2014-11-12,66,61,56,49,46,44,64,56,48,30.04,29.99,29.97,10,10,4,10,4,16,0.11,7,Rain,258,94107
2014-11-13,64,60,55,59,56,50,93,86,78,30.08,30.01,29.93,10,7,1,17,7,22,0.2,7,Rain,211,94107
2014-11-14,65,57,49,58,53,49,96,82,67,30.12,30.09,30.07,10,9,4,16,6,20,0,4,Fog,273,94107
2014-11-15,64,55,46,54,49,44,93,78,63,30.19,30.14,30.09,10,10,10,8,3,13,0,2,NA,300,94107
2014-11-16,65,56,47,46,32,19,93,56,18,30.27,30.23,30.18,10,10,10,15,5,28,0,4,NA,54,94107
2014-11-17,67,57,47,42,36,25,77,50,22,30.25,30.17,30.11,10,10,10,16,6,22,0,4,NA,87,94107
2014-11-18,62,54,46,45,41,36,66,55,43,30.14,30.1,30.05,10,10,9,13,5,20,0,7,NA,68,94107
2014-11-19,61,57,52,57,51,41,93,75,57,30.14,30.06,30,10,8,2,22,6,25,0.15,8,Rain,142,94107
2014-11-20,59,55,51,55,53,49,100,93,86,30.12,30.06,29.99,10,5,0,15,4,21,0.66,7,Fog-Rain,98,94107
2014-11-21,61,56,51,54,51,48,96,83,69,30.14,30.09,30.04,10,9,6,9,4,31,0,7,NA,78,94107
2014-11-22,65,59,53,61,54,45,93,80,66,30.25,30.12,30.06,10,7,1,20,10,23,0.26,6,Rain,213,94107
2014-11-23,62,52,42,47,43,39,83,66,48,30.35,30.3,30.25,10,10,10,8,2,18,0,3,NA,278,94107
2014-11-24,62,51,40,47,41,36,83,63,42,30.42,30.37,30.32,10,10,10,7,2,21,0,1,NA,300,94107
2014-11-25,73,57,41,52,44,38,83,71,58,30.47,30.4,30.33,10,10,8,13,4,15,0,1,NA,147,94107
2014-11-26,65,55,45,52,46,40,86,73,60,30.32,30.26,30.2,10,9,6,10,3,37,0,2,NA,355,94107
2014-11-27,65,54,42,51,47,42,93,78,63,30.19,30.12,30.06,9,6,0,12,2,28,0,3,Fog,337,94107
2014-11-28,62,52,42,52,49,42,100,84,67,30.06,29.98,29.87,10,6,1,13,6,17,T,5,Fog-Rain,161,94107
2014-11-29,64,59,54,55,53,49,93,83,72,29.87,29.82,29.75,10,10,6,14,7,18,0.08,7,Rain,135,94107
2014-11-30,60,56,52,58,54,51,100,88,75,30.03,29.88,29.74,10,9,4,16,4,31,0.32,7,Rain,84,94107
2014-12-01,66,60,53,57,55,52,100,84,67,30.12,30.04,29.96,10,10,7,15,4,17,T,6,Rain,53,94107
2014-12-02,61,58,54,56,54,52,100,90,80,29.95,29.77,29.69,10,8,2,21,9,25,1.18,8,Rain,102,94107
2014-12-03,64,61,58,59,57,55,93,86,78,29.89,29.78,29.71,10,7,2,35,12,41,1.43,7,Rain,151,94107
2014-12-04,65,60,55,58,56,55,100,87,73,30.02,29.94,29.88,10,8,0,14,5,20,0.01,6,Fog-Rain,160,94107
2014-12-05,67,60,53,58,56,53,100,87,73,30.08,30.03,29.99,10,9,3,23,8,28,0.1,7,Rain,139,94107
2014-12-06,66,62,57,59,57,55,93,86,78,30.23,30.18,30.09,10,10,7,16,6,20,0.11,7,Fog-Rain,129,94107
2014-12-07,64,58,52,57,54,52,100,86,72,30.22,30.18,30.14,10,8,4,12,3,21,0.01,6,Fog,110,94107
2014-12-08,68,60,51,56,53,50,96,80,63,30.19,30.16,30.13,10,10,10,9,4,12,0,6,NA,65,94107
2014-12-09,65,59,53,57,54,51,93,83,73,30.22,30.15,30.08,10,8,4,12,2,31,0,7,Fog,356,94107
2014-12-10,64,59,54,56,54,53,100,86,72,30.08,29.94,29.73,10,6,0,32,10,39,T,8,Fog-Rain,119,94107
2014-12-11,64,57,50,57,53,48,93,80,67,29.7,29.63,29.52,10,6,1,36,14,45,3.12,8,Rain,162,94107
2014-12-12,56,53,49,51,48,46,96,87,77,30.09,29.87,29.68,10,9,4,9,3,10,0.48,7,Rain,105,94107
2014-12-13,57,52,46,48,46,44,100,86,72,30.24,30.18,30.09,10,10,7,8,3,25,0,4,NA,63,94107
2014-12-14,61,54,47,48,45,43,89,72,55,30.15,30.06,29.99,10,10,7,14,6,16,0.19,7,Rain,94,94107
2014-12-15,56,53,49,51,48,46,93,85,77,29.98,29.9,29.84,10,8,2,23,14,31,1.09,8,Rain,125,94107
2014-12-16,61,56,50,52,49,46,93,80,67,29.96,29.91,29.83,10,9,2,21,11,24,0.65,7,Rain,135,94107
2014-12-17,59,54,49,51,49,46,93,83,72,30.09,30.03,29.95,10,10,6,17,8,22,0.13,7,Rain,127,94107
2014-12-18,61,56,51,51,49,48,89,81,72,30.2,30.13,30.07,10,10,8,13,6,15,T,7,Rain,119,94107
2014-12-19,57,56,54,54,52,50,93,85,77,30.17,30.14,30.11,10,8,1,23,12,30,0.25,8,Rain,144,94107
2014-12-20,60,57,54,56,54,52,100,89,78,30.26,30.19,30.13,10,7,2,13,4,16,T,7,Rain,160,94107
2014-12-21,64,60,55,58,56,54,100,92,84,30.33,30.28,30.25,10,6,0,13,6,24,0.09,6,Fog-Rain,197,94107
2014-12-22,63,57,51,56,54,50,100,89,78,30.3,30.25,30.19,10,4,0,8,3,24,0,4,Fog,266,94107
2014-12-23,65,56,47,55,51,46,100,84,67,30.23,30.17,30.13,10,9,6,9,3,14,0,0,Fog,321,94107
2014-12-24,61,55,48,54,49,36,100,80,59,30.12,30.05,29.97,10,7,0,28,11,33,0.02,6,Fog-Rain,303,94107
2014-12-25,59,52,45,38,35,26,70,50,30,30.16,30.11,30.06,10,10,10,20,10,26,0,0,NA,338,94107
2014-12-26,60,50,39,34,30,26,67,49,30,30.27,30.19,30.1,10,10,10,17,7,23,0,0,NA,8,94107
2014-12-27,55,47,38,38,34,30,82,62,41,30.39,30.34,30.27,10,10,10,12,5,13,0,3,NA,88,94107
2014-12-28,55,47,39,48,41,36,86,75,64,30.37,30.29,30.24,10,10,9,10,4,14,0,3,NA,176,94107
2014-12-29,55,49,42,46,42,37,92,76,59,30.24,30.18,30.12,10,10,7,13,3,16,0,4,Fog,318,94107
2014-12-30,55,47,38,37,23,14,82,53,24,30.25,30.16,30.11,10,10,10,41,17,53,0,0,NA,1,94107
2014-12-31,59,48,36,36,17,5,67,41,15,30.27,30.17,30.07,10,10,10,21,7,28,0,1,NA,8,94107
2015-01-01,56,47,38,27,20,14,54,37,20,30.18,30.13,30.07,10,10,10,23,8,28,0,1,NA,40,94107
2015-01-02,50,41,32,36,30,25,76,64,52,30.23,30.18,30.13,10,10,9,8,4,10,0,1,NA,63,94107
2015-01-03,53,43,32,38,34,28,82,66,50,30.33,30.26,30.2,10,10,8,12,2,14,0,1,NA,305,94107
2015-01-04,54,45,35,42,37,33,85,72,59,30.44,30.38,30.32,10,8,6,14,3,17,0,5,NA,154,94107
2015-01-05,56,46,36,43,38,32,85,68,50,30.39,30.32,30.23,10,9,6,8,3,9,0,4,NA,170,94107
2015-01-06,59,49,38,44,39,36,92,72,51,30.29,30.22,30.17,10,8,5,8,2,12,0,0,NA,224,94107
2015-01-07,64,51,38,47,42,37,92,69,46,30.23,30.15,30.08,10,10,8,8,2,9,0,1,NA,235,94107
2015-01-08,61,52,42,48,45,38,92,76,60,30.1,30.05,30.01,10,8,5,8,2,9,0,6,NA,332,94107
2015-01-09,63,55,46,50,47,45,96,74,52,30.04,30,29.97,10,7,3,9,4,12,0,7,NA,299,94107
2015-01-10,60,54,47,52,49,45,93,83,72,30.05,30,29.96,10,7,4,8,3,10,0,6,Fog,280,94107
2015-01-11,57,50,42,50,46,42,96,87,77,30.18,30.09,30.02,10,6,0,8,3,25,0,5,Fog,143,94107
2015-01-12,57,49,41,50,46,41,96,87,77,30.28,30.22,30.19,10,7,0,8,2,10,0,3,Fog,246,94107
2015-01-13,66,55,43,48,43,37,100,69,37,30.23,30.18,30.12,10,6,0,16,3,21,0,2,Fog,135,94107
2015-01-14,59,49,39,47,43,36,93,78,62,30.3,30.22,30.16,10,7,4,12,3,13,0,3,NA,47,94107
2015-01-15,59,50,40,49,45,39,100,84,67,30.34,30.28,30.23,6,4,0,13,4,16,0,5,Fog,287,94107
2015-01-16,57,50,43,52,48,43,96,84,72,30.3,30.26,30.23,8,4,2,10,3,12,T,6,Fog-Rain,349,94107
2015-01-17,57,53,48,52,49,46,96,84,72,30.3,30.26,30.21,10,7,4,12,5,15,0,5,NA,188,94107
2015-01-18,65,57,49,55,52,48,100,87,73,30.34,30.29,30.26,10,5,0,13,4,14,0,6,Fog,302,94107
2015-01-19,63,55,47,54,50,45,93,77,60,30.32,30.25,30.18,10,9,4,14,5,16,0,5,NA,9,94107
2015-01-20,58,52,45,49,47,42,100,86,72,30.18,30.12,30.06,10,6,0,7,2,NA,0,2,Fog,282,94107
2015-01-21,61,51,40,45,41,37,92,73,53,30.18,30.13,30.08,10,10,8,14,5,16,0,1,NA,42,94107
2015-01-22,60,51,41,46,42,36,89,73,57,30.35,30.28,30.19,10,9,6,14,6,18,0,2,NA,83,94107
2015-01-23,64,52,39,48,42,38,89,66,43,30.37,30.31,30.23,10,9,5,10,3,15,0,1,NA,302,94107
2015-01-24,69,58,46,47,44,37,93,63,33,30.24,30.17,30.1,10,9,7,22,7,26,0,0,NA,2,94107
2015-01-25,59,50,40,45,41,37,86,70,53,30.15,30.09,30.01,10,10,7,9,4,12,0,0,NA,47,94107
2015-01-26,61,51,41,49,44,38,92,72,51,30.05,30.01,29.97,10,10,9,9,3,14,0,5,NA,310,94107
2015-01-27,67,57,47,49,46,43,83,64,44,30.27,30.17,30.03,10,10,10,12,4,13,0,6,NA,9,94107
2015-01-28,63,53,43,51,46,42,93,73,52,30.28,30.22,30.17,10,10,6,9,3,12,0,2,Fog,265,94107
2015-01-29,64,53,42,51,48,41,96,81,65,30.17,30.12,30.07,10,8,6,8,3,14,0,1,Fog,273,94107
2015-01-30,62,54,46,52,48,44,100,87,67,30.06,29.99,29.91,10,8,5,16,5,17,0,3,Fog,269,94107
2015-01-31,73,59,44,48,40,28,100,61,22,30.06,29.97,29.91,10,10,7,15,4,20,0,1,Fog,276,94107
2015-02-01,65,53,40,48,42,37,83,62,40,30.19,30.13,30.06,10,10,9,12,3,14,0,5,NA,284,94107
2015-02-02,65,54,43,51,47,41,100,83,65,30.2,30.14,30.09,10,8,6,9,3,12,0,4,NA,268,94107
2015-02-03,67,57,47,52,50,47,93,76,58,30.14,30.09,30.05,10,9,6,13,3,15,0,5,NA,276,94107
2015-02-04,64,55,46,53,50,45,100,86,72,30.09,30.06,30.02,10,6,0,15,5,17,0,5,Fog,254,94107
2015-02-05,63,56,48,50,48,46,89,75,60,30.05,29.98,29.9,10,10,8,28,6,35,0,7,NA,141,94107
2015-02-06,63,61,58,58,54,47,93,77,60,29.93,29.85,29.8,10,6,2,33,22,40,0.91,8,Rain,150,94107
2015-02-07,64,59,54,61,57,52,93,89,84,30.08,30.02,29.93,10,9,4,28,6,35,0.03,6,Rain,182,94107
2015-02-08,63,58,53,57,55,52,93,83,72,30.06,29.95,29.89,10,8,1,36,15,44,0.99,7,Rain,156,94107
2015-02-09,64,57,49,55,52,45,89,78,67,30.27,30.2,30.08,10,10,7,22,8,26,T,4,NA,229,94107
2015-02-10,63,54,44,50,45,41,93,71,49,30.23,30.17,30.1,10,10,10,12,4,14,0,3,Fog,292,94107
2015-02-11,64,53,42,50,46,41,96,78,60,30.19,30.15,30.11,10,10,10,8,3,10,0,4,NA,210,94107
2015-02-12,69,58,47,53,48,44,83,68,52,30.22,30.17,30.13,10,10,10,9,2,17,0,3,NA,278,94107
2015-02-13,70,58,46,54,50,43,89,70,51,30.17,30.1,30.06,10,10,10,10,3,13,0,1,NA,304,94107
2015-02-14,71,59,47,54,50,46,96,75,53,30.12,30.07,30.03,10,10,10,12,4,14,0,1,NA,324,94107
2015-02-15,70,58,45,52,47,41,93,67,40,30.06,30.01,29.97,10,10,10,9,3,13,0,2,NA,206,94107
2015-02-16,71,59,46,54,49,42,93,73,53,30.04,30,29.96,10,9,6,17,6,20,0,3,NA,313,94107
2015-02-17,58,56,53,51,49,45,93,80,66,30.19,30.13,30.04,10,8,4,10,6,13,T,8,NA,281,94107
2015-02-18,64,57,50,53,49,45,93,79,64,30.24,30.18,30.12,10,10,7,12,5,13,0,4,NA,288,94107
2015-02-19,61,56,50,52,51,50,96,84,72,30.17,30.13,30.06,10,8,4,14,5,17,0,7,NA,271,94107
2015-02-20,65,59,52,53,51,47,93,73,52,30.09,30.02,29.94,10,8,4,12,3,15,T,4,NA,220,94107
2015-02-21,68,57,46,51,47,39,93,67,40,29.98,29.91,29.84,10,10,9,17,5,21,0,2,NA,319,94107
2015-02-22,67,56,45,48,36,20,100,61,22,29.89,29.86,29.83,10,9,0,24,8,35,0,1,Fog,360,94107
2015-02-23,64,54,44,28,20,12,53,35,17,30.23,30.06,29.89,10,10,10,24,7,31,0,1,NA,353,94107
2015-02-24,64,50,36,49,37,22,89,58,27,30.37,30.31,30.25,10,10,10,12,5,17,0,2,Fog,244,94107
2015-02-25,65,55,45,50,45,41,93,70,46,30.31,30.23,30.1,10,10,8,17,5,20,0,3,NA,260,94107
2015-02-26,67,56,45,52,49,43,93,76,58,30.09,30.02,29.92,10,9,6,16,6,21,0,3,NA,259,94107
2015-02-27,63,56,48,50,46,42,80,68,56,29.92,29.83,29.74,10,10,10,38,19,45,0,2,NA,288,94107
2015-02-28,59,52,44,46,44,41,92,74,55,29.92,29.81,29.73,10,10,4,22,7,25,0.07,4,Rain-Thunderstorm,257,94107
2015-03-01,63,54,44,47,41,33,92,64,36,30,29.95,29.91,10,10,10,17,7,21,0,1,NA,294,94107
2015-03-02,59,52,45,47,44,40,86,69,51,29.99,29.86,29.81,10,10,10,15,5,23,T,5,NA,174,94107
2015-03-03,64,53,42,47,43,39,89,71,52,30.06,30.01,29.97,10,10,10,16,5,18,0,2,NA,282,94107
2015-03-04,67,54,41,47,40,35,89,61,32,30.23,30.13,30.04,10,10,10,7,4,NA,0,0,NA,294,94107
2015-03-05,70,56,42,47,41,36,76,57,37,30.35,30.28,30.24,10,10,10,13,4,NA,0,0,NA,312,94107
2015-03-06,71,57,42,50,43,36,83,60,37,30.3,30.23,30.14,10,10,10,10,4,NA,0,0,NA,306,94107
2015-03-07,71,58,45,52,46,41,89,65,41,30.14,30.08,30.01,10,10,10,13,6,30,0,1,NA,292,94107
2015-03-08,65,55,44,51,48,43,93,77,60,30.13,30.07,30.01,10,8,5,18,7,21,0,3,Fog,285,94107
2015-03-09,65,57,48,51,49,47,100,82,63,30.08,30.01,29.93,10,9,6,15,6,17,0,5,NA,268,94107
2015-03-10,63,56,48,52,50,46,100,86,72,30.03,29.96,29.93,10,5,0,25,5,29,0,8,Fog,292,94107
2015-03-11,65,58,51,56,51,43,100,72,44,30.26,30.14,30.01,10,10,8,15,5,17,0.02,5,Rain,308,94107
2015-03-12,73,60,46,54,51,46,100,72,44,30.29,30.22,30.14,10,10,10,14,5,15,0,3,NA,282,94107
2015-03-13,74,61,48,55,52,47,93,66,38,30.18,30.14,30.08,10,10,10,15,4,20,0,5,NA,291,94107
2015-03-14,80,66,52,57,52,44,93,66,38,30.12,30.05,29.96,10,10,10,13,5,15,0,6,NA,297,94107
2015-03-15,69,62,54,53,47,41,83,62,40,30.09,30.04,29.98,10,10,10,20,5,23,0,6,NA,308,94107
2015-03-16,68,61,53,54,50,46,83,66,48,30.06,30.03,30.01,10,10,10,13,5,14,0,7,NA,281,94107
2015-03-17,66,59,51,53,49,46,86,69,52,30.14,30.08,30.04,10,10,10,23,9,29,0,5,NA,269,94107
2015-03-18,68,58,48,51,48,45,93,71,48,30.08,30.05,30.01,10,10,10,17,6,21,0,1,NA,260,94107
2015-03-19,73,60,47,52,49,43,93,64,35,30.08,30.05,30,10,10,10,18,6,21,0,2,NA,294,94107
2015-03-20,66,57,48,52,48,41,93,71,49,30.17,30.11,30.06,10,10,10,18,6,22,0,5,NA,292,94107
2015-03-21,71,63,54,54,53,51,86,70,53,30.19,30.15,30.1,10,10,7,18,6,20,0,7,NA,262,94107
2015-03-22,66,60,54,56,52,48,93,78,63,30.2,30.16,30.13,10,10,9,18,9,29,0.02,7,Rain,197,94107
2015-03-23,64,59,53,54,49,42,93,71,48,30.32,30.25,30.2,10,10,10,21,10,29,0.05,6,NA,272,94107
2015-03-24,65,59,53,54,50,43,83,73,63,30.32,30.28,30.23,10,10,7,21,7,23,T,6,NA,286,94107
2015-03-25,72,60,48,53,50,46,93,70,47,30.25,30.2,30.16,10,10,10,16,6,22,0,1,NA,270,94107
2015-03-26,80,65,50,56,52,48,93,68,42,30.18,30.12,30.05,10,10,10,14,5,15,0,0,NA,297,94107
2015-03-27,64,58,52,54,52,49,96,82,67,30.18,30.14,30.09,10,10,10,21,9,23,0,2,Fog,295,94107
2015-03-28,74,61,48,55,49,46,93,69,44,30.2,30.14,30.08,10,10,10,24,6,26,0,2,NA,267,94107
2015-03-29,73,60,47,52,49,45,93,67,41,30.13,30.08,30.01,10,10,10,18,6,22,0,1,NA,309,94107
2015-03-30,65,56,47,51,48,44,89,75,60,30.08,30.05,30.02,10,10,7,21,8,23,0,4,NA,270,94107
2015-03-31,68,62,55,52,47,40,86,64,42,30.19,30.14,30.07,10,10,10,28,16,38,0,1,NA,285,94107
2015-04-01,65,55,45,45,38,30,80,56,32,30.19,30.14,30.08,10,10,10,24,9,26,0,2,NA,301,94107
2015-04-02,69,59,48,45,38,29,80,52,24,30.21,30.17,30.13,10,10,10,22,10,26,0,0,NA,312,94107
2015-04-03,67,56,44,46,42,40,83,63,43,30.24,30.17,30.11,10,10,7,18,8,21,0,0,NA,256,94107
2015-04-04,64,54,43,47,41,38,93,67,40,30.12,30.05,29.97,10,10,10,26,11,32,0,4,NA,278,94107
2015-04-05,58,54,50,48,43,38,83,69,54,29.98,29.93,29.91,10,9,2,21,11,24,0.11,5,Rain,252,94107
2015-04-06,63,54,44,43,40,37,83,63,42,29.99,29.93,29.85,10,10,10,25,13,29,0,4,NA,167,94107
2015-04-07,61,55,48,48,45,40,93,72,51,30.06,29.88,29.77,10,8,4,30,15,40,0.52,6,Rain,235,94107
2015-04-08,63,55,47,50,44,38,86,65,43,30.19,30.13,30.07,10,10,10,16,8,20,0.01,4,Rain,299,94107
2015-04-09,67,55,43,47,43,36,92,63,34,30.09,30.02,29.96,10,10,10,17,6,20,0,4,NA,289,94107
2015-04-10,66,56,46,48,43,38,89,63,37,30.06,30.03,29.98,10,10,10,16,7,18,0,2,NA,282,94107
2015-04-11,72,60,47,52,48,43,93,70,47,30.1,30.05,30.01,10,10,10,20,7,23,0,4,NA,279,94107
2015-04-12,73,61,48,54,49,45,100,70,40,30.06,30.02,29.96,10,10,10,14,6,16,0,1,NA,280,94107
2015-04-13,62,56,50,50,47,45,89,72,55,30.17,30.09,30.02,10,10,7,29,15,36,0,4,NA,276,94107
2015-04-14,65,57,48,44,36,27,71,48,25,30.35,30.27,30.16,10,10,10,25,13,29,0,1,NA,313,94107
2015-04-15,71,59,47,46,39,31,72,50,28,30.23,30.12,30.01,10,10,10,22,8,25,0,1,NA,303,94107
2015-04-16,81,65,48,48,36,25,80,47,13,30.06,30.02,29.97,10,10,10,22,8,28,0,0,NA,329,94107
2015-04-17,72,60,48,48,45,40,86,63,40,30.1,30.06,30.02,10,10,10,20,7,23,0,0,NA,293,94107
2015-04-18,67,58,49,50,48,47,89,69,48,30.07,30.01,29.93,10,10,9,20,9,23,0,3,NA,303,94107
2015-04-19,63,56,49,50,49,48,93,77,60,29.99,29.95,29.9,10,9,6,20,9,23,0,6,NA,298,94107
2015-04-20,63,58,53,50,49,48,83,72,60,29.92,29.89,29.85,10,10,10,22,12,24,0,6,NA,277,94107
2015-04-21,61,57,53,49,48,48,83,74,64,29.93,29.88,29.86,10,10,10,21,14,25,T,7,NA,249,94107
2015-04-22,66,59,52,49,48,46,89,73,56,29.92,29.88,29.85,10,10,9,22,9,25,0,5,NA,231,94107
2015-04-23,64,58,52,49,46,45,83,70,56,29.91,29.88,29.86,10,10,7,22,10,24,0,5,NA,234,94107
2015-04-24,63,58,52,53,47,43,89,69,48,30.03,29.99,29.9,10,10,5,29,19,33,0.08,5,Rain,258,94107
2015-04-25,63,57,51,55,49,44,93,77,60,30.06,29.96,29.89,10,9,6,26,15,31,0.14,6,Rain,268,94107
2015-04-26,69,58,47,51,46,39,83,63,43,30.16,30.1,30.06,10,10,10,20,7,23,0,3,NA,271,94107
2015-04-27,81,66,50,55,51,47,89,64,38,30.06,30.01,29.94,10,10,10,22,9,25,T,2,NA,270,94107
2015-04-28,63,58,52,51,49,48,89,77,65,30.08,30.04,30.01,10,10,10,18,9,22,0,6,NA,250,94107
2015-04-29,66,59,51,48,47,45,89,69,48,30.04,29.99,29.91,10,9,6,20,8,23,0,3,NA,249,94107
2015-04-30,84,67,49,54,48,42,83,55,26,29.9,29.84,29.77,10,10,8,15,6,22,0,1,NA,296,94107
2015-05-01,76,65,53,54,51,48,93,71,49,29.92,29.86,29.8,10,10,9,20,9,23,0,2,NA,312,94107
2015-05-02,65,59,52,50,49,47,89,75,60,29.91,29.88,29.84,10,10,10,20,9,24,0,4,NA,311,94107
2015-05-03,64,58,52,48,47,46,83,68,52,29.93,29.9,29.86,10,10,10,20,11,23,0,5,NA,274,94107
2015-05-04,59,55,51,47,46,45,83,73,62,30.01,29.97,29.93,10,10,7,20,11,23,0,7,NA,251,94107
2015-05-05,62,57,51,47,46,45,83,72,60,29.98,29.95,29.91,10,10,8,18,11,25,0,5,NA,225,94107
2015-05-06,66,58,50,47,46,44,83,68,52,29.92,29.86,29.81,10,10,7,17,9,20,0,3,NA,218,94107
2015-05-07,67,57,47,47,45,42,83,64,45,29.81,29.77,29.73,10,10,7,17,6,20,T,5,Rain,204,94107
2015-05-08,65,56,46,49,47,43,86,71,56,30.04,29.89,29.77,10,10,8,18,9,22,0,3,NA,293,94107
2015-05-09,63,58,52,49,48,46,83,72,60,30.12,30.09,30.06,10,10,10,21,11,23,0,6,NA,263,94107
2015-05-10,62,57,51,48,47,46,89,75,60,30.1,30.06,29.99,10,10,7,16,9,20,0,6,NA,259,94107
2015-05-11,62,57,52,49,47,45,83,72,60,29.99,29.95,29.87,10,10,7,28,14,31,0,5,NA,254,94107
2015-05-12,65,58,51,45,43,41,77,60,43,29.96,29.93,29.87,10,10,10,28,18,33,0,3,NA,275,94107
2015-05-13,63,57,51,48,44,42,77,63,48,29.99,29.95,29.91,10,10,10,21,12,24,0,5,NA,268,94107
2015-05-14,66,60,53,50,48,45,77,67,56,29.9,29.85,29.8,10,10,10,18,9,24,T,7,Rain,232,94107
2015-05-15,62,57,52,49,48,46,83,70,56,29.97,29.92,29.86,10,10,10,26,13,32,0,6,NA,269,94107
2015-05-16,61,57,53,49,48,47,83,74,64,30.04,30,29.95,10,10,10,18,12,26,0,7,NA,250,94107
2015-05-17,64,59,54,48,48,47,83,72,60,30.06,30.04,30.01,10,10,10,22,13,24,0,7,NA,264,94107
2015-05-18,60,57,54,49,48,46,77,72,67,30.12,30.08,30.04,10,10,10,22,13,25,0,8,NA,264,94107
2015-05-19,63,59,54,49,48,48,83,74,64,30.12,30.08,30.01,10,10,10,21,12,23,T,8,NA,257,94107
2015-05-20,68,61,54,52,49,48,86,75,64,30,29.98,29.95,10,10,5,16,11,21,T,8,Rain,249,94107
2015-05-21,66,60,54,54,52,51,93,78,63,29.99,29.95,29.93,10,9,4,18,10,21,T,7,Rain,255,94107
2015-05-22,62,59,56,52,51,48,83,74,64,30.08,30.02,29.98,10,10,10,21,12,23,0,8,NA,262,94107
2015-05-23,62,58,53,50,49,48,83,72,60,30.11,30.08,30.04,10,10,9,20,11,23,T,7,NA,238,94107
2015-05-24,61,57,52,50,49,48,89,78,67,30.06,30.02,29.98,10,10,9,20,11,24,T,7,NA,248,94107
2015-05-25,63,58,52,50,49,48,89,75,60,30.01,29.98,29.96,10,10,9,20,12,24,T,8,NA,257,94107
2015-05-26,65,59,53,50,49,48,89,73,56,30.03,30,29.98,10,10,7,18,11,24,T,7,Rain,261,94107
2015-05-27,63,58,53,50,49,48,89,75,60,30.04,30.02,30,10,10,10,21,12,24,0,6,NA,269,94107
2015-05-28,63,58,52,52,50,48,89,77,65,30.07,30.03,29.99,10,10,10,21,10,23,T,7,NA,267,94107
2015-05-29,62,57,52,50,49,48,89,79,69,30.02,29.99,29.95,10,10,10,18,10,22,T,7,NA,266,94107
2015-05-30,66,59,51,52,50,49,93,78,63,29.99,29.95,29.91,10,10,10,24,9,28,0,7,NA,280,94107
2015-05-31,65,59,52,50,48,46,89,73,56,29.99,29.95,29.92,10,10,7,24,11,28,0,7,NA,267,94107
2015-06-01,73,65,57,55,53,50,87,68,49,30.06,30.03,29.97,10,9,2,21,10,24,T,6,Rain,233,94107
2015-06-02,65,61,56,55,53,51,93,78,63,30.08,30.04,29.98,10,10,10,20,11,25,0,6,NA,257,94107
2015-06-03,65,60,55,52,51,50,86,73,60,29.97,29.94,29.88,10,10,10,22,10,25,0,6,NA,237,94107
2015-06-04,70,62,53,51,50,48,83,67,51,29.87,29.84,29.81,10,10,9,17,9,26,0,4,NA,226,94107
2015-06-05,69,61,53,54,52,48,93,74,55,29.86,29.83,29.81,10,10,4,22,9,28,0,4,NA,308,94107
2015-06-06,71,64,56,55,54,53,93,75,57,29.94,29.89,29.85,10,10,10,22,9,28,0,6,NA,314,94107
2015-06-07,73,65,56,55,54,53,93,73,53,29.94,29.9,29.84,10,10,10,20,8,22,0,4,NA,302,94107
2015-06-08,88,72,56,57,55,53,87,59,31,29.88,29.84,29.75,10,10,10,20,8,23,0,1,NA,302,94107
2015-06-09,77,66,55,57,54,52,93,68,43,29.92,29.88,29.82,10,10,10,30,6,32,0,6,NA,294,94107
2015-06-10,70,64,58,63,58,55,97,88,78,29.94,29.9,29.87,10,9,4,15,6,17,0.18,7,Fog-Rain,302,94107
2015-06-11,73,65,57,59,56,54,100,81,61,29.92,29.88,29.82,10,8,1,20,8,23,0,4,NA,295,94107
2015-06-12,75,65,54,58,55,52,93,71,49,29.85,29.8,29.75,10,9,7,20,9,23,0,0,NA,306,94107
2015-06-13,72,65,57,57,55,52,93,77,61,29.79,29.77,29.75,10,9,6,21,9,25,0,3,NA,313,94107
2015-06-14,67,61,55,54,51,48,86,71,56,29.87,29.82,29.76,10,7,5,21,12,24,0,5,NA,280,94107
2015-06-15,62,58,54,51,50,48,89,78,67,29.97,29.91,29.86,10,9,5,21,11,24,0,7,NA,255,94107
2015-06-16,68,62,55,52,51,50,83,71,58,29.98,29.95,29.93,10,9,5,20,12,NA,0,5,NA,254,94107
2015-06-17,69,61,53,52,51,48,89,70,51,29.95,29.93,29.91,10,9,4,23,9,25,0,4,NA,287,94107
2015-06-18,66,59,52,52,50,47,89,73,56,30.03,29.99,29.94,10,9,5,18,10,23,0,3,NA,286,94107
2015-06-19,71,62,52,53,50,48,89,69,49,30.01,29.99,29.95,10,10,7,18,9,21,0,4,NA,267,94107
2015-06-20,69,61,52,54,52,49,93,74,55,29.94,29.91,29.87,10,10,6,20,9,22,0,5,NA,303,94107
2015-06-21,67,62,56,52,50,48,86,69,52,30.05,30,29.91,10,9,6,22,12,25,0,4,NA,271,94107
2015-06-22,64,59,54,52,51,49,86,73,60,30.08,30.04,30.02,10,9,6,21,10,24,0,5,NA,268,94107
2015-06-23,70,62,53,52,50,48,86,69,51,30.03,29.99,29.94,10,9,6,21,9,24,0,2,NA,261,94107
2015-06-24,73,64,55,52,51,50,86,68,49,29.97,29.93,29.89,10,10,6,20,9,22,0,3,NA,272,94107
2015-06-25,79,68,56,57,53,50,83,63,43,29.92,29.89,29.86,10,10,7,18,7,21,0,0,NA,323,94107
2015-06-26,73,66,58,56,55,53,80,69,57,29.97,29.92,29.9,10,10,6,22,10,29,0,2,NA,316,94107
2015-06-27,74,66,58,57,55,53,86,70,53,30.02,29.98,29.95,10,10,10,17,9,20,0,6,NA,315,94107
2015-06-28,72,66,60,57,56,55,84,71,57,30.02,30,29.96,10,10,10,22,12,24,T,7,NA,291,94107
2015-06-29,73,65,57,56,54,52,86,72,57,30.04,29.99,29.93,10,10,10,16,10,21,0,5,NA,272,94107
2015-06-30,82,70,57,57,55,54,93,66,39,29.93,29.88,29.81,10,10,10,16,8,18,0,3,NA,293,94107
2015-07-01,76,67,58,57,56,54,87,69,50,29.93,29.88,29.82,10,10,10,24,9,30,0,5,NA,309,94107
2015-07-02,74,67,60,59,57,55,90,76,61,29.98,29.94,29.91,10,10,10,21,11,23,0,6,NA,313,94107
2015-07-03,73,67,60,58,57,57,90,76,61,29.97,29.92,29.88,10,10,10,21,11,23,0,5,NA,302,94107
2015-07-04,71,66,60,58,57,56,90,78,66,29.9,29.88,29.85,10,10,10,21,11,25,0,6,NA,297,94107
2015-07-05,75,68,61,58,57,55,84,71,57,30.01,29.95,29.89,10,10,10,22,11,26,0,6,NA,288,94107
2015-07-06,73,67,61,58,56,54,84,69,53,30.09,30.05,30.01,10,10,7,18,13,21,T,5,Rain,267,94107
2015-07-07,73,67,61,58,57,55,84,73,61,30.04,29.99,29.92,10,10,10,21,13,26,0,6,NA,267,94107
2015-07-08,69,65,60,56,54,52,78,71,63,29.92,29.88,29.84,10,10,10,21,13,28,0,8,NA,265,94107
2015-07-09,67,63,59,57,55,54,84,76,68,29.91,29.88,29.83,10,9,6,17,10,20,0.01,8,Rain,263,94107
2015-07-10,73,67,61,56,55,54,84,69,53,29.97,29.93,29.9,10,10,7,16,10,23,T,6,NA,267,94107
2015-07-11,74,68,61,56,54,52,84,67,49,30,29.98,29.93,10,10,10,21,12,26,0,4,NA,270,94107
2015-07-12,75,69,63,57,56,53,84,65,46,30.06,30.03,30,10,10,10,21,11,24,0,6,NA,263,94107
2015-07-13,74,68,62,58,57,56,84,71,57,30.03,29.99,29.93,10,10,10,24,12,28,0,6,NA,259,94107
2015-07-14,70,65,60,57,56,55,90,76,61,29.95,29.92,29.89,10,10,6,22,12,28,T,7,NA,250,94107
2015-07-15,77,68,58,57,56,55,84,67,50,29.91,29.88,29.86,10,10,7,18,10,24,0,4,NA,233,94107
2015-07-16,76,68,60,58,57,55,90,72,54,29.93,29.9,29.86,10,10,7,20,9,26,0,4,NA,309,94107
2015-07-17,74,68,61,57,56,55,90,74,57,29.88,29.84,29.79,10,10,8,21,10,24,0,5,NA,303,94107
2015-07-18,75,68,60,56,55,54,84,67,49,30.02,29.92,29.84,10,10,10,20,9,24,0,3,NA,291,94107
2015-07-19,87,74,61,58,56,54,78,57,35,30.06,30.04,30,10,10,10,16,6,20,0,5,NA,280,94107
2015-07-20,79,71,62,62,58,56,78,65,52,30.02,29.99,29.94,10,10,10,18,9,21,0,3,NA,271,94107
2015-07-21,70,65,60,57,56,55,90,76,61,29.96,29.91,29.86,10,10,7,20,11,23,0,6,NA,268,94107
2015-07-22,69,65,60,56,55,53,84,72,59,29.91,29.88,29.83,10,10,7,22,14,26,0,6,NA,252,94107
2015-07-23,69,65,60,55,54,53,78,68,57,30.05,30,29.92,10,10,7,21,13,25,0,5,NA,250,94107
2015-07-24,74,67,59,56,54,53,78,64,49,30.13,30.09,30.05,10,10,10,21,11,23,0,4,NA,266,94107
2015-07-25,70,65,60,56,55,54,84,73,61,30.12,30.07,29.99,10,10,10,21,10,29,0,6,NA,267,94107
2015-07-26,71,65,58,57,55,53,84,71,57,29.98,29.95,29.92,10,10,9,18,9,24,0,4,NA,253,94107
2015-07-27,81,69,56,58,54,52,86,61,36,29.97,29.93,29.89,10,10,7,21,9,25,0,0,NA,287,94107
2015-07-28,87,72,56,59,55,52,86,62,37,29.9,29.87,29.83,10,10,7,18,6,21,0,0,NA,291,94107
2015-07-29,79,70,60,59,58,56,90,69,48,29.96,29.91,29.86,10,10,7,18,10,23,0,0,NA,316,94107
2015-07-30,75,68,61,59,58,57,90,74,57,30.06,30.01,29.97,10,10,10,21,11,24,0,5,NA,301,94107
2015-07-31,72,67,61,59,57,57,90,78,66,30.04,30.01,29.97,10,10,10,20,11,23,0,6,NA,281,94107
2015-08-01,75,69,62,60,57,55,78,68,57,30.03,29.98,29.94,10,10,10,20,12,24,0,5,NA,276,94107
2015-08-02,73,68,63,57,56,55,84,71,57,30,29.95,29.91,10,10,8,20,12,23,0,6,NA,265,94107
2015-08-03,75,70,64,57,54,53,78,64,49,29.99,29.96,29.93,10,10,10,22,14,25,0,5,NA,267,94107
2015-08-04,75,69,62,57,54,52,78,62,46,30.02,29.99,29.96,10,10,10,18,10,22,0,5,NA,269,94107
2015-08-05,77,67,57,59,56,54,84,69,54,30.06,30,29.92,10,10,10,20,8,22,0,3,NA,278,94107
2015-08-06,72,65,58,58,57,54,93,77,61,29.93,29.87,29.8,10,10,7,21,8,24,T,5,Rain-Thunderstorm,309,94107
2015-08-07,77,69,61,57,56,54,84,69,53,29.91,29.88,29.84,10,10,10,22,10,24,0,4,NA,271,94107
2015-08-08,70,66,62,57,56,55,84,73,61,29.96,29.94,29.91,10,10,10,18,11,25,0,6,NA,261,94107
2015-08-09,72,66,59,59,57,55,90,76,61,29.97,29.94,29.91,10,10,10,21,11,28,0,6,NA,251,94107
2015-08-10,73,67,60,60,57,54,84,73,61,29.98,29.94,29.9,10,10,10,22,13,25,0,6,NA,262,94107
2015-08-11,73,67,61,58,56,55,84,69,53,29.99,29.94,29.91,10,10,10,21,11,24,0,5,NA,258,94107
2015-08-12,78,67,55,61,57,50,93,67,41,30.08,30.03,29.98,10,10,10,18,9,22,0,2,NA,285,94107
2015-08-13,76,70,64,61,59,56,87,70,53,30.07,30.04,30,10,10,10,20,10,24,0,4,NA,278,94107
2015-08-14,76,69,61,60,58,57,87,71,54,30.09,30.04,29.99,10,10,10,17,9,21,0,4,NA,264,94107
2015-08-15,92,75,57,61,56,50,86,56,26,30,29.95,29.88,10,8,2,15,5,21,0,3,NA,306,94107
2015-08-16,93,77,61,61,57,47,84,56,27,29.91,29.86,29.81,10,7,4,16,5,20,0,5,NA,297,94107
2015-08-17,80,70,59,60,58,56,90,69,48,29.91,29.86,29.82,9,7,6,21,10,24,0,1,NA,308,94107
2015-08-18,75,68,61,58,57,55,90,72,54,29.95,29.91,29.88,10,8,4,18,10,22,0,4,NA,310,94107
2015-08-19,74,69,63,57,56,54,78,66,53,29.96,29.93,29.9,10,9,7,20,11,23,0,6,NA,273,94107
2015-08-20,70,66,62,57,55,53,84,71,57,29.94,29.9,29.86,10,10,10,20,12,24,0,6,NA,270,94107
2015-08-21,69,66,62,57,56,55,78,70,61,29.91,29.88,29.85,10,10,10,21,11,23,0,6,NA,262,94107
2015-08-22,75,68,61,58,56,55,78,66,53,29.95,29.92,29.88,10,10,10,22,8,25,0,5,NA,257,94107
2015-08-23,73,67,61,56,55,54,78,68,57,30.03,29.99,29.94,10,10,10,17,10,21,0,7,NA,277,94107
2015-08-24,75,68,61,57,55,54,84,69,53,30.06,30.02,29.97,10,10,7,17,10,22,0,4,NA,281,94107
2015-08-25,74,67,60,57,56,54,84,69,53,30.03,29.99,29.94,10,9,6,18,10,23,0,4,NA,290,94107
2015-08-26,79,69,58,58,56,52,87,65,43,30.04,30,29.97,10,9,6,16,6,21,0,4,NA,296,94107
2015-08-27,84,72,59,58,55,46,84,57,30,30.06,30.01,29.95,10,10,10,17,6,29,0,2,NA,272,94107
2015-08-28,91,77,62,62,58,53,87,60,32,29.96,29.9,29.86,10,10,10,24,8,28,0,4,NA,291,94107
2015-08-29,76,71,65,66,62,57,87,73,58,30.01,29.98,29.93,10,9,3,21,11,25,T,6,Rain,260,94107
2015-08-30,78,70,61,60,59,56,87,69,50,30.06,30.01,29.94,10,10,10,20,11,22,0,3,NA,276,94107
2015-08-31,78,69,60,58,57,54,84,67,50,29.95,29.91,29.87,10,10,9,18,9,21,0,1,NA,246,94107
